x,time,contrast,delta_density,lo,hi
11.5068493150685,24 h,Dox-only,0.00285186632523589,0.00148955973798452,0.00419795708849693
11.5068493150685,24 h,Tam-only,0.0034212106692357,0.00226034815308699,0.00453808958437382
11.5068493150685,4 h,Dox-only,-0.000118431541819994,-0.000897786626963732,0.000653873947756794
11.5068493150685,4 h,Tam-only,-0.000140903025147063,-0.000875944819906523,0.000593822359975885
11.5479452054795,24 h,Dox-only,0.00271430912409996,0.0013669834955397,0.00402847748087962
11.5479452054795,24 h,Tam-only,0.00339791262959385,0.00227418861295359,0.00451785270377803
11.5479452054795,4 h,Dox-only,-0.000166825756555994,-0.000920447197321578,0.000596125449650158
11.5479452054795,4 h,Tam-only,-0.000168828623299977,-0.000901203124904206,0.000554846562700681
11.5890410958904,24 h,Dox-only,0.00257123820464456,0.00123967609784438,0.00385962916328534
11.5890410958904,24 h,Tam-only,0.00335371565532928,0.00224985033136082,0.00447047633796427
11.5890410958904,4 h,Dox-only,-0.000212661016253932,-0.000955367688460084,0.00054993698698698
11.5890410958904,4 h,Tam-only,-0.000199932349468329,-0.000920031376000012,0.000505970068109271
11.6301369863014,24 h,Dox-only,0.00242466355000452,0.0011033695103498,0.00371327462168704
11.6301369863014,24 h,Tam-only,0.00329163011651668,0.00221161068953361,0.00439339463333
11.6301369863014,4 h,Dox-only,-0.00025585823651357,-0.000986373620358837,0.000499509244319025
11.6301369863014,4 h,Tam-only,-0.000234716372236654,-0.000943006514042807,0.000461272515658745
11.6712328767123,24 h,Dox-only,0.00227656310803737,0.00099235779156027,0.00356130352105553
11.6712328767123,24 h,Tam-only,0.00321708593358135,0.00215880407812515,0.00430998351950476
11.6712328767123,4 h,Dox-only,-0.000295475505276338,-0.00101878761984212,0.000450893758353745
11.6712328767123,4 h,Tam-only,-0.000274117043770145,-0.000975461831688796,0.000408421280720929
11.7123287671233,24 h,Dox-only,0.00212879803549022,0.000863872074446011,0.00339901936846284
11.7123287671233,24 h,Tam-only,0.00312836858557616,0.00208369976261577,0.00421317731946258
11.7123287671233,4 h,Dox-only,-0.000332298368440093,-0.00103765745292719,0.000399975201689009
11.7123287671233,4 h,Tam-only,-0.000317633689073726,-0.00102014962285437,0.000361611880465672
11.7534246575342,24 h,Dox-only,0.00198290639823885,0.000733712522112276,0.00324330421703724
11.7534246575342,24 h,Tam-only,0.00303255477636363,0.00199981331186119,0.00408423930597979
11.7534246575342,4 h,Dox-only,-0.00036599886431922,-0.00106181220237899,0.000358623911282687
11.7534246575342,4 h,Tam-only,-0.000364841354590167,-0.00105849376271167,0.00030366604785007
11.7945205479452,24 h,Dox-only,0.00183990058513456,0.000600450868158277,0.00306935443496
11.7945205479452,24 h,Tam-only,0.00293245048879369,0.00190889953106029,0.00397825123956732
11.7945205479452,4 h,Dox-only,-0.000396390110141948,-0.00108023475439953,0.000315137972916694
11.7945205479452,4 h,Tam-only,-0.000415267091706001,-0.00108843596390272,0.000240018396328201
11.8356164383562,24 h,Dox-only,0.00170060859015046,0.000476835859631379,0.00291043832691197
11.8356164383562,24 h,Tam-only,0.00283064317635286,0.00181324350612374,0.00384810609392107
11.8356164383562,4 h,Dox-only,-0.000423273249944636,-0.00110045019473261,0.000283101454964018
11.8356164383562,4 h,Tam-only,-0.000468265078525959,-0.00112732685297236,0.000186495012806576
11.8767123287671,24 h,Dox-only,0.00156569786836333,0.000378582287079811,0.00275173217263798
11.8767123287671,24 h,Tam-only,0.00272947214170412,0.00172155774912075,0.00373253701541081
11.8767123287671,4 h,Dox-only,-0.000446443266883298,-0.00112333101335287,0.000248793073933324
11.8767123287671,4 h,Tam-only,-0.000523034697168606,-0.00118002278143052,0.000117525293464302
11.9178082191781,24 h,Dox-only,0.00143570218722845,0.000268721640204754,0.00260835623980633
11.9178082191781,24 h,Tam-only,0.00263100551730183,0.0016470887025201,0.00362642962387781
11.9178082191781,4 h,Dox-only,-0.000465080836505261,-0.00112229280293911,0.000217555000235015
11.9178082191781,4 h,Tam-only,-0.000578244618320692,-0.00123077494338091,5.62620172470839e-05
11.958904109589,24 h,Dox-only,0.00131148404954685,0.000153805163061419,0.00245705635912993
11.958904109589,24 h,Tam-only,0.00254370637365081,0.00158693687169412,0.00352635778052103
11.958904109589,4 h,Dox-only,-0.00047926695676212,-0.0011187930954383,0.00019800437839019
11.958904109589,4 h,Tam-only,-0.000633180531277089,-0.00127055401506778,-1.2822896374221e-05
12,24 h,Dox-only,0.0011937948559798,4.50104709156442e-05,0.00232785921876719
12,24 h,Tam-only,0.00245764747915119,0.00151886374562044,0.00343232340132423
12,4 h,Dox-only,-0.000489115153202782,-0.00112807783705589,0.000177775098715423
12,4 h,Tam-only,-0.000686217438521819,-0.00131432226371017,-7.57006339173731e-05
12.041095890411,24 h,Dox-only,0.00108231271737774,-5.27324803162064e-05,0.00220732064131273
12.041095890411,24 h,Tam-only,0.00237892449868534,0.00144632115883788,0.00333505216778332
12.041095890411,4 h,Dox-only,-0.000494525249012771,-0.00112553815781666,0.000159595460116707
12.041095890411,4 h,Tam-only,-0.000736239092296601,-0.00135578376264014,-0.000131524959277799
12.0821917808219,24 h,Dox-only,0.000977404971626357,-0.000133047265324621,0.00208208469113495
12.0821917808219,24 h,Tam-only,0.00230820605978026,0.00138870001584229,0.00324751920424263
12.0821917808219,4 h,Dox-only,-0.000495448344404813,-0.00110795732287551,0.000144325165041292
12.0821917808219,4 h,Tam-only,-0.000782178158120046,-0.00138459409212999,-0.000188521884851827
12.1232876712329,24 h,Dox-only,0.000879483285259497,-0.000201397530335187,0.00197763996082431
12.1232876712329,24 h,Tam-only,0.00224593157240821,0.00134681373077956,0.00316467456206434
12.1232876712329,4 h,Dox-only,-0.000491893925048968,-0.00109994027145192,0.000137681057485992
12.1232876712329,4 h,Tam-only,-0.00082304448685537,-0.00142137174236649,-0.000240708353267036
12.1643835616438,24 h,Dox-only,0.000789010641487953,-0.000276300947330468,0.00188188609055807
12.1643835616438,24 h,Tam-only,0.002192332565035,0.00132053822160035,0.00311034525858608
12.1643835616438,4 h,Dox-only,-0.000483936112174475,-0.00108332381728278,0.000137833978240588
12.1643835616438,4 h,Tam-only,-0.00085795137168404,-0.00144356486794104,-0.000279095116617833
12.2054794520548,24 h,Dox-only,0.000706503250873645,-0.000332665937993748,0.00175376644521201
12.2054794520548,24 h,Tam-only,0.00214745408478775,0.00127545103198759,0.0030524225525
12.2054794520548,4 h,Dox-only,-0.00047080059487755,-0.00106194290866295,0.000139286447215388
12.2054794520548,4 h,Tam-only,-0.000885265709149166,-0.00145493331651503,-0.00031916615337686
12.2465753424658,24 h,Dox-only,0.000633035328881246,-0.000398981841988787,0.00165655190870531
12.2465753424658,24 h,Tam-only,0.00211886346343496,0.00127416234059882,0.00301091604456212
12.2465753424658,4 h,Dox-only,-0.000453830605169091,-0.00103828421689067,0.000141854011148107
12.2465753424658,4 h,Tam-only,-0.000904497966282836,-0.00146424358586118,-0.000345721723440835
12.2876712328767,24 h,Dox-only,0.000570212495693133,-0.000427173622165854,0.00157214937059168
12.2876712328767,24 h,Tam-only,0.00209230525916543,0.00126368818796459,0.00295806783106848
12.2876712328767,4 h,Dox-only,-0.000433357948791027,-0.00100471125525679,0.000144145189846468
12.2876712328767,4 h,Tam-only,-0.000915952956030711,-0.00146237597153999,-0.000371853392638915
12.3287671232877,24 h,Dox-only,0.000517425749316805,-0.000453378437090596,0.00149414723877835
12.3287671232877,24 h,Tam-only,0.00207334959418164,0.00125996754882128,0.0029254638689538
12.3287671232877,4 h,Dox-only,-0.000409817475304941,-0.000973630116550654,0.000158938385408809
12.3287671232877,4 h,Tam-only,-0.000919559664850515,-0.00145636262725157,-0.000378422757335153
12.3698630136986,24 h,Dox-only,0.000475221694327843,-0.000484967704804351,0.00145751250435314
12.3698630136986,24 h,Tam-only,0.0020614561340581,0.00125881418440815,0.00288292170959963
12.3698630136986,4 h,Dox-only,-0.000383701614475013,-0.000934308070168176,0.000164134423881369
12.3698630136986,4 h,Tam-only,-0.000915424595960619,-0.00144558595018398,-0.000392203101671643
12.4109589041096,24 h,Dox-only,0.000444060614039003,-0.000497681649793717,0.00140133033721202
12.4109589041096,24 h,Tam-only,0.00205600610722388,0.0012596246452166,0.0028507950405714
12.4109589041096,4 h,Dox-only,-0.000355550713872957,-0.00089392651170939,0.000176038070347855
12.4109589041096,4 h,Tam-only,-0.000903824362166274,-0.00142035809133846,-0.000397204704682257
12.4520547945205,24 h,Dox-only,0.000424286212525632,-0.000511665321810388,0.00137596953938603
12.4520547945205,24 h,Tam-only,0.00205630611256657,0.00126296501468523,0.00284899799456001
12.4520547945205,4 h,Dox-only,-0.00032594218209421,-0.000851922907085721,0.000194149773808561
12.4520547945205,4 h,Tam-only,-0.000885195920721844,-0.00139196421505868,-0.000387826004528642
12.4931506849315,24 h,Dox-only,0.000416096766583413,-0.000504291781380616,0.00136008472248376
12.4931506849315,24 h,Tam-only,0.002061591172903,0.0012741791334011,0.00285132253573825
12.4931506849315,4 h,Dox-only,-0.000294718809414778,-0.000805034572521608,0.000216804363347286
12.4931506849315,4 h,Tam-only,-0.000859186555496362,-0.00135209293033116,-0.000368787350467991
12.5342465753425,24 h,Dox-only,0.000419959785878818,-0.00049048772337328,0.00134025068789243
12.5342465753425,24 h,Tam-only,0.00207756292818848,0.00130308861902048,0.00285511017606294
12.5342465753425,4 h,Dox-only,-0.000264216058914225,-0.000758795063667959,0.000231076192482526
12.5342465753425,4 h,Tam-only,-0.00082759193700481,-0.00130813886810794,-0.000342140716302937
12.5753424657534,24 h,Dox-only,0.000436900876923621,-0.000458701883295242,0.00132961441900022
12.5753424657534,24 h,Tam-only,0.00209038382596084,0.0013272196522487,0.00285194790277916
12.5753424657534,4 h,Dox-only,-0.000234341831152472,-0.000720035746158227,0.000248522606005121
12.5753424657534,4 h,Tam-only,-0.0007916125549816,-0.00126320143682509,-0.000327781145548948
12.6164383561644,24 h,Dox-only,0.000464458756823327,-0.00041849796926869,0.00134732210264091
12.6164383561644,24 h,Tam-only,0.00210501999015706,0.00134839899704997,0.00286086405983862
12.6164383561644,4 h,Dox-only,-0.000205613356137668,-0.000681574174403576,0.000266068457864196
12.6164383561644,4 h,Tam-only,-0.000752205704088023,-0.00121056185766353,-0.00030038547097484
12.6575342465753,24 h,Dox-only,0.000501787348298206,-0.000346809106252544,0.00137550988212596
12.6575342465753,24 h,Tam-only,0.00212041816741985,0.00136877225477859,0.00285923715883663
12.6575342465753,4 h,Dox-only,-0.000178486470264479,-0.000640665046065695,0.000287445806373814
12.6575342465753,4 h,Tam-only,-0.000710363211948693,-0.00115507040534844,-0.000264117987053321
12.6986301369863,24 h,Dox-only,0.000547822296891799,-0.000287258371038693,0.00141622034462627
12.6986301369863,24 h,Tam-only,0.00213548239791127,0.00139990240128864,0.00285768034293472
12.6986301369863,4 h,Dox-only,-0.000153344801492109,-0.000599370785506206,0.000297561856087262
12.6986301369863,4 h,Tam-only,-0.000667092552058705,-0.00109930299523826,-0.000235192296552126
12.7397260273973,24 h,Dox-only,0.000601297764465589,-0.000206175928280382,0.00144693865913434
12.7397260273973,24 h,Tam-only,0.00214908837078585,0.00141886554612965,0.00286174571367272
12.7397260273973,4 h,Dox-only,-0.000130490283099978,-0.000569193112233413,0.000303345158515325
12.7397260273973,4 h,Tam-only,-0.00062339850889663,-0.00104688109332362,-0.000201887126984586
12.7808219178082,24 h,Dox-only,0.000660767856481389,-0.000128996370161099,0.00149234462125585
12.7808219178082,24 h,Tam-only,0.0021601001744868,0.00144487039416668,0.00286908815402711
12.7808219178082,4 h,Dox-only,-0.000109686784833557,-0.00053763901136697,0.000315161053662764
12.7808219178082,4 h,Tam-only,-0.000579911812454301,-0.000988745077841455,-0.000165880918585091
12.8219178082192,24 h,Dox-only,0.000724876805432501,-5.34055627317735e-05,0.00153160038553935
12.8219178082192,24 h,Tam-only,0.00217356359133722,0.00146513004311209,0.0028682779827185
12.8219178082192,4 h,Dox-only,-9.24569508124369e-05,-0.000507966487022445,0.000327022187052063
12.8219178082192,4 h,Tam-only,-0.000538967978225179,-0.000944259429830298,-0.000129111460701858
12.8630136986301,24 h,Dox-only,0.000791391650587937,1.99466291319452e-05,0.0015917055905621
12.8630136986301,24 h,Tam-only,0.0021749693385042,0.0014758750838663,0.00285803259599753
12.8630136986301,4 h,Dox-only,-7.77453680331844e-05,-0.00048555441540027,0.000335549047396306
12.8630136986301,4 h,Tam-only,-0.000500770841816711,-0.000903872104610924,-9.93229183858293e-05
12.9041095890411,24 h,Dox-only,0.000857887690684303,9.6460239287514e-05,0.00164412447454289
12.9041095890411,24 h,Tam-only,0.00217016254010559,0.00148531521962721,0.00283936013881686
12.9041095890411,4 h,Dox-only,-6.53890407746223e-05,-0.000472295638828693,0.000338148257756885
12.9041095890411,4 h,Tam-only,-0.000466038807401689,-0.000864684778628257,-7.39909672606295e-05
12.9452054794521,24 h,Dox-only,0.00092257743172014,0.000178256008156092,0.00169749926648511
12.9452054794521,24 h,Tam-only,0.00215829194057137,0.00148769129917711,0.00282434771980418
12.9452054794521,4 h,Dox-only,-5.51493983894542e-05,-0.000459585503187067,0.000335594361910512
12.9452054794521,4 h,Tam-only,-0.000435393165565394,-0.000826073422267264,-4.94339153559646e-05
12.986301369863,24 h,Dox-only,0.000983743090457012,0.000238071025581747,0.00175717566072506
12.986301369863,24 h,Tam-only,0.00213864325169509,0.00148621131753261,0.00279634508459582
12.986301369863,4 h,Dox-only,-4.67230994679081e-05,-0.000444634802029154,0.000339157947292137
12.986301369863,4 h,Tam-only,-0.000409350439535036,-0.000793941181948593,-2.81808535795714e-05
13.027397260274,24 h,Dox-only,0.00103977325528278,0.000303301805548759,0.00179919852729442
13.027397260274,24 h,Tam-only,0.00211065823694901,0.00145913461986506,0.0027632778745039
13.027397260274,4 h,Dox-only,-3.9754098282524e-05,-0.000433700766186441,0.00034184699353601
13.027397260274,4 h,Tam-only,-0.000388315722267257,-0.000773258543787577,-1.11796741959538e-05
13.0684931506849,24 h,Dox-only,0.00108919698832733,0.00036054625124314,0.00183682899405702
13.0684931506849,24 h,Tam-only,0.0020739509188151,0.00143288079461108,0.00272289669525599
13.0684931506849,4 h,Dox-only,-3.31723567553732e-05,-0.00042589041019095,0.000344748555182512
13.0684931506849,4 h,Tam-only,-0.000372672173172092,-0.000756685140256279,1.37170693862387e-06
13.1095890410959,24 h,Dox-only,0.0011307498739305,0.000411384107194795,0.00186592465549975
13.1095890410959,24 h,Tam-only,0.00203577611153789,0.0013993147772534,0.0026718465746157
13.1095890410959,4 h,Dox-only,-2.78276568461411e-05,-0.000414408807789536,0.000349010521534079
13.1095890410959,4 h,Tam-only,-0.000363471489944599,-0.000743622279264523,2.23506893584249e-06
13.1506849315068,24 h,Dox-only,0.00116152638864464,0.000457568721899178,0.00188206862693876
13.1506849315068,24 h,Tam-only,0.0019801328787388,0.00136530926005008,0.00260831682701805
13.1506849315068,4 h,Dox-only,-2.25259506011384e-05,-0.000405609444144204,0.000349287425303419
13.1506849315068,4 h,Tam-only,-0.000359633563146434,-0.000732169569719915,-7.24298801188989e-07
13.1917808219178,24 h,Dox-only,0.00118198862895133,0.000492780788143331,0.00188968729158003
13.1917808219178,24 h,Tam-only,0.00191574996101918,0.00130452589437833,0.00253441122470426
13.1917808219178,4 h,Dox-only,-1.69108844640629e-05,-0.000395244384296996,0.000352651383966568
13.1917808219178,4 h,Tam-only,-0.000360956091364911,-0.000728463976548393,-1.09282899741295e-05
13.2328767123288,24 h,Dox-only,0.00119199949048605,0.000497840044082985,0.00188375113450053
13.2328767123288,24 h,Tam-only,0.0018434186186352,0.0012426249326321,0.00245006192733296
13.2328767123288,4 h,Dox-only,-1.06738688594801e-05,-0.000377302502912011,0.000351332103080715
13.2328767123288,4 h,Tam-only,-0.000367122323087696,-0.000726529452176638,-2.01405121460157e-05
13.2739726027397,24 h,Dox-only,0.00119142483342419,0.000499551004525174,0.00187892934807978
13.2739726027397,24 h,Tam-only,0.00176385726195088,0.00117145399330877,0.00236162375573593
13.2739726027397,4 h,Dox-only,-3.56384810337035e-06,-0.000367484890854084,0.000357946663009016
13.2739726027397,4 h,Tam-only,-0.000377707257304349,-0.000737725967257169,-4.09898404165218e-05
13.3150684931507,24 h,Dox-only,0.0011803718500135,0.000492014530497734,0.00186658695310927
13.3150684931507,24 h,Tam-only,0.00167794070134063,0.00109188099889771,0.00225901927002392
13.3150684931507,4 h,Dox-only,4.60438452454942e-06,-0.000352734288744776,0.000359496890220671
13.3150684931507,4 h,Tam-only,-0.000392185068890522,-0.000744543328145856,-6.3049727047359e-05
13.3561643835616,24 h,Dox-only,0.00115917819858557,0.000477842361388051,0.00183614388107596
13.3561643835616,24 h,Tam-only,0.00158692531242993,0.00101202094820667,0.00215895886423372
13.3561643835616,4 h,Dox-only,1.48954207717482e-05,-0.000332983159261434,0.00036430222068101
13.3561643835616,4 h,Tam-only,-0.000409674540161172,-0.000747015429305722,-8.69272982405871e-05
13.3972602739726,24 h,Dox-only,0.00112839755757314,0.000451101225993112,0.00179191000739486
13.3972602739726,24 h,Tam-only,0.00149941079925507,0.000939830055797848,0.00206452047751505
13.3972602739726,4 h,Dox-only,2.5623117515354e-05,-0.000314642281332637,0.000369051678767573
13.3972602739726,4 h,Tam-only,-0.000430118622912364,-0.000758584826079406,-0.00011411001478215
13.4383561643836,24 h,Dox-only,0.00108767735146449,0.000431336588378687,0.00174134468505576
13.4383561643836,24 h,Tam-only,0.00140140823226862,0.000855067055120611,0.00195348065859391
13.4383561643836,4 h,Dox-only,3.73919910791054e-05,-0.000297931298074277,0.00036984931312813
13.4383561643836,4 h,Tam-only,-0.000451940889957109,-0.000766878136286338,-0.000139773184440665
13.4794520547945,24 h,Dox-only,0.00103922872286052,0.000402753042073101,0.00166502353597996
13.4794520547945,24 h,Tam-only,0.00130153641794155,0.000769732879779311,0.00184620534869099
13.4794520547945,4 h,Dox-only,5.00318497416372e-05,-0.000276558630250691,0.000374434450632656
13.4794520547945,4 h,Tam-only,-0.000474319561272649,-0.000781934900068814,-0.000162197104359264
13.5205479452055,24 h,Dox-only,0.000984570872465482,0.000373206890025128,0.0015909374434417
13.5205479452055,24 h,Tam-only,0.00120182383944384,0.00068478401888339,0.00173738939911356
13.5205479452055,4 h,Dox-only,6.33219411178519e-05,-0.000253272447136426,0.000380859903425463
13.5205479452055,4 h,Tam-only,-0.000496426163515269,-0.000794745093766813,-0.000192151647482603
13.5616438356164,24 h,Dox-only,0.000924908792557621,0.000334048379419974,0.00152615930497704
13.5616438356164,24 h,Tam-only,0.00110356668961147,0.000601766954349509,0.00162817915106096
13.5616438356164,4 h,Dox-only,7.70010629793615e-05,-0.000227785431583762,0.000381422186765862
13.5616438356164,4 h,Tam-only,-0.000517441888090886,-0.000809503347996324,-0.00021852153384293
13.6027397260274,24 h,Dox-only,0.000861480503146262,0.000287907230765235,0.00144449479686643
13.6027397260274,24 h,Tam-only,0.00100801774086982,0.000524430791050983,0.00151648459089046
13.6027397260274,4 h,Dox-only,9.07784674188342e-05,-0.000200652509495196,0.000382273032618965
13.6027397260274,4 h,Tam-only,-0.000536573966407024,-0.000821392637742207,-0.000248106296503522
13.6438356164384,24 h,Dox-only,0.00079552785155965,0.000234484266751555,0.00136621170234758
13.6438356164384,24 h,Tam-only,0.000916925666605365,0.00044678484783649,0.0014121499759519
13.6438356164384,4 h,Dox-only,0.000104892276015248,-0.000176024992593565,0.000387722945664346
13.6438356164384,4 h,Tam-only,-0.000551984680556913,-0.000831452031585125,-0.000269470204429719
13.6849315068493,24 h,Dox-only,0.000728268078965599,0.000178968690565823,0.00127939037445419
13.6849315068493,24 h,Tam-only,0.000836557709702823,0.000377245631247011,0.00130944047273999
13.6849315068493,4 h,Dox-only,0.000117626780729215,-0.000153898088140494,0.000391269528420909
13.6849315068493,4 h,Tam-only,-0.000564220132585303,-0.000837964646632132,-0.000286450086395569
13.7260273972603,24 h,Dox-only,0.000661274082949827,0.000129497037589602,0.00119874901248737
13.7260273972603,24 h,Tam-only,0.000757461137100656,0.000313457927859767,0.001213957492666
13.7260273972603,4 h,Dox-only,0.000129419458711984,-0.000137858103853063,0.000396508158475833
13.7260273972603,4 h,Tam-only,-0.000572355175969827,-0.000841272332824159,-0.000298911083775567
13.7671232876712,24 h,Dox-only,0.000595456625484275,6.78147721056071e-05,0.00111885839532245
13.7671232876712,24 h,Tam-only,0.000684707404347068,0.000255283397023177,0.00111998327103281
13.7671232876712,4 h,Dox-only,0.000140031706714195,-0.000122271621482918,0.000401791835733619
13.7671232876712,4 h,Tam-only,-0.00057598753008551,-0.000842072788778776,-0.000310022656139549
13.8082191780822,24 h,Dox-only,0.000531860403710121,1.6987283504161e-05,0.00104295087077563
13.8082191780822,24 h,Tam-only,0.000619612831173485,0.000206269613461373,0.00104522402451251
13.8082191780822,4 h,Dox-only,0.000149261671120445,-0.000108110681627976,0.000402954278680659
13.8082191780822,4 h,Tam-only,-0.000574827740005281,-0.000839080670073253,-0.000310841317960251
13.8493150684932,24 h,Dox-only,0.000471199826667665,-3.64406091178352e-05,0.000976335895389723
13.8493150684932,24 h,Tam-only,0.000562598621027845,0.000157246011520866,0.000975830184326736
13.8493150684932,4 h,Dox-only,0.000156947311820711,-9.5881205167196e-05,0.000405898073157567
13.8493150684932,4 h,Tam-only,-0.000568703967065492,-0.000832359256464313,-0.000306989810261766
13.8904109589041,24 h,Dox-only,0.000414047706836194,-9.10766423918806e-05,0.000899712418904463
13.8904109589041,24 h,Tam-only,0.000513916691246737,0.0001174905887591,0.00090922371918822
13.8904109589041,4 h,Dox-only,0.000162968088370789,-8.49054694255199e-05,0.000410266541379461
13.8904109589041,4 h,Tam-only,-0.000557565091034806,-0.00081171834540837,-0.000298538381117879
13.9315068493151,24 h,Dox-only,0.000360833400238155,-0.000139677778439476,0.000844564765514629
13.9315068493151,24 h,Tam-only,0.000474174368100452,8.10168195402546e-05,0.000865049544404966
13.9315068493151,4 h,Dox-only,0.000167315316482166,-7.86741653842695e-05,0.000412213148385909
13.9315068493151,4 h,Tam-only,-0.000540294679085871,-0.00079453219724887,-0.000290569225083605
13.972602739726,24 h,Dox-only,0.000311843996577901,-0.000184108468549114,0.000796291564241022
13.972602739726,24 h,Tam-only,0.000445508663454696,5.97478264611981e-05,0.000828590926287325
13.972602739726,4 h,Dox-only,0.000169410595724812,-7.13419609646611e-05,0.000412167733773107
13.972602739726,4 h,Tam-only,-0.000518756469129534,-0.000766040257090516,-0.000274572793259675
14.013698630137,24 h,Dox-only,0.000268006202295792,-0.000227427122154253,0.000752622023584083
14.013698630137,24 h,Tam-only,0.00042275397410676,4.62698064707499e-05,0.000798082619559597
14.013698630137,4 h,Dox-only,0.000169751344170362,-6.86946426521014e-05,0.000410203454220079
14.013698630137,4 h,Tam-only,-0.000493064080226152,-0.000732112558716336,-0.000252858331731785
14.0547945205479,24 h,Dox-only,0.000228550328328737,-0.000262956558566643,0.000716118120866436
14.0547945205479,24 h,Tam-only,0.000406988183722753,3.39806836536177e-05,0.000778625678944127
14.0547945205479,4 h,Dox-only,0.00016837173664886,-6.76373720115586e-05,0.000407146083715779
14.0547945205479,4 h,Tam-only,-0.000463700088269734,-0.00069941080796069,-0.000227931533959188
14.0958904109589,24 h,Dox-only,0.000193245353012158,-0.000293371489805479,0.000674612734822057
14.0958904109589,24 h,Tam-only,0.000397930517680519,3.0289999310746e-05,0.000769801756172548
14.0958904109589,4 h,Dox-only,0.000165317983760887,-6.5105041615067e-05,0.000402204109944072
14.0958904109589,4 h,Tam-only,-0.000431217477960585,-0.000658996970479595,-0.00019937182761079
14.1369863013699,24 h,Dox-only,0.000161852701814952,-0.000326409702171351,0.000640295971913063
14.1369863013699,24 h,Tam-only,0.000394827195335321,3.17728834823418e-05,0.000761868914031784
14.1369863013699,4 h,Dox-only,0.000160643454947698,-6.93916429785551e-05,0.00039839963955846
14.1369863013699,4 h,Tam-only,-0.000396224940307915,-0.000616491637996479,-0.000167905501076102
14.1780821917808,24 h,Dox-only,0.00013408257229764,-0.000344280408007999,0.00060693020600033
14.1780821917808,24 h,Tam-only,0.00039684344554029,3.61441832675053e-05,0.000762417582646292
14.1780821917808,4 h,Dox-only,0.000154552270790425,-7.26537786873187e-05,0.000388787033968904
14.1780821917808,4 h,Tam-only,-0.000359254772594868,-0.00057101561885325,-0.000137109599908394
14.2191780821918,24 h,Dox-only,0.000109611235934508,-0.000364447631551533,0.000579665518436727
14.2191780821918,24 h,Tam-only,0.000403313055432855,4.7320723849105e-05,0.000764152852362671
14.2191780821918,4 h,Dox-only,0.000146590630005583,-7.93110534618677e-05,0.000374789794741949
14.2191780821918,4 h,Tam-only,-0.000321097676781391,-0.000528115568611556,-0.000103578502164761
14.2602739726027,24 h,Dox-only,8.8097843404693e-05,-0.000371059739577549,0.000551744016867968
14.2602739726027,24 h,Tam-only,0.000413685389525258,6.0044430635104e-05,0.000774086975107286
14.2602739726027,4 h,Dox-only,0.000137100394193777,-8.87407318879854e-05,0.000358664887334642
14.2602739726027,4 h,Tam-only,-0.000282839532848053,-0.000485902273886865,-7.13426651194749e-05
14.3013698630137,24 h,Dox-only,6.955892205345e-05,-0.000377866030214119,0.000525329081473999
14.3013698630137,24 h,Tam-only,0.000425559932932419,7.22663367363395e-05,0.00078610211549167
14.3013698630137,4 h,Dox-only,0.000126233385430803,-9.82461638245156e-05,0.000347653968804868
14.3013698630137,4 h,Tam-only,-0.000244986510029455,-0.000442450592166298,-3.85842097009697e-05
14.3424657534247,24 h,Dox-only,5.3263677977743e-05,-0.000385075086107631,0.000497754361653653
14.3424657534247,24 h,Tam-only,0.000438409677481369,8.33875073937055e-05,0.000796777583538782
14.3424657534247,4 h,Dox-only,0.000114044676774105,-0.000108664002546621,0.000333746454086245
14.3424657534247,4 h,Tam-only,-0.000208091337208197,-0.00039821108825266,-4.95626325823274e-06
14.3835616438356,24 h,Dox-only,3.88649884068212e-05,-0.000385733893478813,0.000474308394941131
14.3835616438356,24 h,Tam-only,0.000451552152478254,0.000100623921746029,0.000805592304771404
14.3835616438356,4 h,Dox-only,0.000100598434601119,-0.000114766343809465,0.000318677959130067
14.3835616438356,4 h,Tam-only,-0.000172641251214138,-0.000358467480365829,2.73159907040724e-05
14.4246575342466,24 h,Dox-only,2.61420790986094e-05,-0.000387822088087014,0.000447444703206466
14.4246575342466,24 h,Tam-only,0.000464250955291124,0.000120519376651865,0.000807431930773758
14.4246575342466,4 h,Dox-only,8.59724718567569e-05,-0.000124482483167856,0.00030120252755098
14.4246575342466,4 h,Tam-only,-0.000139049117244484,-0.000323657685937916,5.87813975444956e-05
14.4657534246575,24 h,Dox-only,1.49149557208484e-05,-0.000387156749941374,0.000420341410998147
14.4657534246575,24 h,Tam-only,0.000475860753545567,0.000136326345121249,0.000809028608486567
14.4657534246575,4 h,Dox-only,7.04238324997133e-05,-0.000137478127495358,0.000282459465437634
14.4657534246575,4 h,Tam-only,-0.000107584611621262,-0.000288899443979168,8.50483866911142e-05
14.5068493150685,24 h,Dox-only,5.04289196038166e-06,-0.00038098807250699,0.000394453507528408
14.5068493150685,24 h,Tam-only,0.000485847312117116,0.000153959888175126,0.00081868037549674
14.5068493150685,4 h,Dox-only,5.36092955646774e-05,-0.00014935575534414,0.000261127049481637
14.5068493150685,4 h,Tam-only,-7.91561288123292e-05,-0.000257125196133774,0.000109497905715289
14.5479452054795,24 h,Dox-only,-3.57867184724511e-06,-0.000386019160244653,0.000372688523674108
14.5479452054795,24 h,Tam-only,0.00049373743873825,0.000177466940132765,0.000824660965837336
14.5479452054795,4 h,Dox-only,3.60930953539496e-05,-0.000161670245990207,0.000241058804526367
14.5479452054795,4 h,Tam-only,-5.33083986241521e-05,-0.000228446768275463,0.000132366570303817
14.5890410958904,24 h,Dox-only,-1.08368693872802e-05,-0.000380052272831569,0.00035587947457458
14.5890410958904,24 h,Tam-only,0.000498859308170635,0.000193884784706451,0.000824394960777707
14.5890410958904,4 h,Dox-only,1.80881778850707e-05,-0.000178603178997513,0.000221675870339958
14.5890410958904,4 h,Tam-only,-3.00409969542798e-05,-0.000201627523281334,0.000152684722401041
14.6301369863014,24 h,Dox-only,-1.6943307380759e-05,-0.000372481710841508,0.000335594002060475
14.6301369863014,24 h,Tam-only,0.000501225782917105,0.000202894969219715,0.000815290680434821
14.6301369863014,4 h,Dox-only,-1.62116904847513e-07,-0.00019807273376472,0.000201130651110424
14.6301369863014,4 h,Tam-only,-9.28948053030478e-06,-0.000176831597302515,0.000169023420930542
14.6712328767123,24 h,Dox-only,-2.196832127393e-05,-0.000368359578846863,0.000323742808101852
14.6712328767123,24 h,Tam-only,0.000500942374298732,0.000204987823281661,0.000808958584070661
14.6712328767123,4 h,Dox-only,-1.83873711137109e-05,-0.000212216637165019,0.000178806363259778
14.6712328767123,4 h,Tam-only,9.0639847287995e-06,-0.000156277894984924,0.000182607828186359
14.7123287671233,24 h,Dox-only,-2.59456583304347e-05,-0.000367504376770548,0.00030970984768039
14.7123287671233,24 h,Tam-only,0.000498036668915815,0.000211273528137314,0.000798221394575686
14.7123287671233,4 h,Dox-only,-3.6294460209166e-05,-0.000229414978398719,0.000154073046339509
14.7123287671233,4 h,Tam-only,2.51793021429055e-05,-0.000137734416032716,0.000194930584044981
14.7534246575342,24 h,Dox-only,-2.89168799655166e-05,-0.000363627510528846,0.000302942454954739
14.7534246575342,24 h,Tam-only,0.000492601586076113,0.000212166502369121,0.000783278990818266
14.7534246575342,4 h,Dox-only,-5.33424716145526e-05,-0.000243169258995063,0.00013521365486539
14.7534246575342,4 h,Tam-only,3.92571606589419e-05,-0.000121349693465653,0.000205296436503591
14.7945205479452,24 h,Dox-only,-3.0935784763775e-05,-0.000364010513981281,0.000298847771046701
14.7945205479452,24 h,Tam-only,0.000484832227122408,0.000207053656386645,0.000769528996541592
14.7945205479452,4 h,Dox-only,-6.93570154123788e-05,-0.000256697259715924,0.000117524783997864
14.7945205479452,4 h,Tam-only,5.11785201753184e-05,-0.000106185816621369,0.000211788240430126
14.8356164383562,24 h,Dox-only,-3.20718997056839e-05,-0.000368678519110606,0.000296934726062606
14.8356164383562,24 h,Tam-only,0.000475093686138996,0.000200898446632305,0.000754864434095034
14.8356164383562,4 h,Dox-only,-8.39578488521353e-05,-0.000266196081962318,9.7879373082189e-05
14.8356164383562,4 h,Tam-only,6.15537375959546e-05,-9.40714503404777e-05,0.000215586431842651
14.8767123287671,24 h,Dox-only,-3.22952833181258e-05,-0.000368637192027006,0.000297307491615292
14.8767123287671,24 h,Tam-only,0.000463180855703707,0.00019624786118255,0.000738316090297109
14.8767123287671,4 h,Dox-only,-9.68672064558971e-05,-0.000277262724983953,8.28222857133708e-05
14.8767123287671,4 h,Tam-only,7.05508352861484e-05,-8.22538790520063e-05,0.000221566483842026
14.9178082191781,24 h,Dox-only,-3.18767398439493e-05,-0.000364745117231598,0.000303867599516979
14.9178082191781,24 h,Tam-only,0.000449440719882375,0.000188216539558023,0.000720059164612075
14.9178082191781,4 h,Dox-only,-0.000107841676103911,-0.00028604807264974,6.69344357931152e-05
14.9178082191781,4 h,Tam-only,7.83083327045948e-05,-7.21048728349118e-05,0.000225627838760888
14.958904109589,24 h,Dox-only,-3.0973465280454e-05,-0.00036533971362578,0.000304099512876764
14.958904109589,24 h,Tam-only,0.000434328179617477,0.000179602153774071,0.000701536006627973
14.958904109589,4 h,Dox-only,-0.000116679809409816,-0.000289579525938342,5.32871771584967e-05
14.958904109589,4 h,Tam-only,8.49319363568652e-05,-6.14204502137422e-05,0.000229624095024024
15,24 h,Dox-only,-2.97346744914744e-05,-0.000362081511878054,0.000304521694950469
15,24 h,Tam-only,0.000418063813329826,0.000164920420837681,0.000685486466350593
15,4 h,Dox-only,-0.00012322895055533,-0.000290790282576204,4.29759757622326e-05
15,4 h,Tam-only,9.04928127133187e-05,-5.4353695896484e-05,0.000231603970504073
15.041095890411,24 h,Dox-only,-2.83169087587159e-05,-0.000362257045571991,0.000305414734906533
15.041095890411,24 h,Tam-only,0.000400855519088474,0.00014930301604314,0.000665502016856592
15.041095890411,4 h,Dox-only,-0.000127018928410542,-0.000288483453505658,3.68192694137046e-05
15.041095890411,4 h,Tam-only,9.50496667779604e-05,-4.56602525131696e-05,0.00023300141563881
15.0821917808219,24 h,Dox-only,-2.68802789786023e-05,-0.000357673537605769,0.000306627018715478
15.0821917808219,24 h,Tam-only,0.000383162938988131,0.000134860632660205,0.000640620984602162
15.0821917808219,4 h,Dox-only,-0.000128287185187248,-0.000284886961352007,2.90768563545987e-05
15.0821917808219,4 h,Tam-only,9.83438518390913e-05,-3.7335362827101e-05,0.000232204408213085
15.1232876712329,24 h,Dox-only,-2.55846621065392e-05,-0.000354754491544096,0.000305907093125828
15.1232876712329,24 h,Tam-only,0.000365533346151652,0.000122285525832487,0.000618938260847178
15.1232876712329,4 h,Dox-only,-0.00012724432067871,-0.000279195343322366,2.42946869694531e-05
15.1232876712329,4 h,Tam-only,0.00010056953209281,-3.24137466052678e-05,0.000232921824456955
15.1643835616438,24 h,Dox-only,-2.45920705609264e-05,-0.000347270808415249,0.000306571863457832
15.1643835616438,24 h,Tam-only,0.000347139584114157,0.000109303711731765,0.000594123955668139
15.1643835616438,4 h,Dox-only,-0.000124037306965881,-0.000272148263351617,2.29451221759894e-05
15.1643835616438,4 h,Tam-only,0.000101684927021685,-3.00946682627596e-05,0.000232052995202473
15.2054794520548,24 h,Dox-only,-2.4180492084793e-05,-0.000344612856755899,0.000309236917319299
15.2054794520548,24 h,Tam-only,0.000328120011977712,9.50008737443316e-05,0.000569584644389194
15.2054794520548,4 h,Dox-only,-0.000118866125334783,-0.000262139101601612,2.25759964124975e-05
15.2054794520548,4 h,Tam-only,0.000101650623809295,-2.65928569312798e-05,0.000227889096970251
15.2465753424658,24 h,Dox-only,-2.43981601183536e-05,-0.000340403887372944,0.000301795268480118
15.2465753424658,24 h,Tam-only,0.000308969404615045,8.1246761589358e-05,0.00054442462134939
15.2465753424658,4 h,Dox-only,-0.000111977598145171,-0.000251670375205175,2.37200166036247e-05
15.2465753424658,4 h,Tam-only,0.00010043712657511,-2.39121846737775e-05,0.000226025667006509
15.2876712328767,24 h,Dox-only,-2.53498850713622e-05,-0.000337377823635027,0.000293132478358119
15.2876712328767,24 h,Tam-only,0.000289781794326402,6.534343590764e-05,0.000520304260913947
15.2876712328767,4 h,Dox-only,-0.00010365834485384,-0.000238743602096006,2.60664464861351e-05
15.2876712328767,4 h,Tam-only,9.80319117744157e-05,-2.3300684834597e-05,0.000219088900158916
15.3287671232877,24 h,Dox-only,-2.71224533011007e-05,-0.000333062048572555,0.000286280510903886
15.3287671232877,24 h,Tam-only,0.000270641775854362,5.2395886783065e-05,0.000494422578602228
15.3287671232877,4 h,Dox-only,-9.3954486639757e-05,-0.000223036066191279,3.16250210389994e-05
15.3287671232877,4 h,Tam-only,9.44725952247293e-05,-2.32190409167922e-05,0.000211460493016176
15.3698630136986,24 h,Dox-only,-2.97836701330461e-05,-0.000329369062604593,0.000277255768943291
15.3698630136986,24 h,Tam-only,0.000252115717240553,3.78557800269555e-05,0.000471565094727737
15.3698630136986,4 h,Dox-only,-8.37531342582649e-05,-0.000206683206920335,3.79878723846427e-05
15.3698630136986,4 h,Tam-only,8.95667527643757e-05,-2.63189628476385e-05,0.000205577483771417
15.4109589041096,24 h,Dox-only,-3.33816496293827e-05,-0.000321639610623028,0.000265412869908185
15.4109589041096,24 h,Tam-only,0.000234540447989189,2.37116545643327e-05,0.000448307376543732
15.4109589041096,4 h,Dox-only,-7.3300753366892e-05,-0.000193367657980303,4.44766227339217e-05
15.4109589041096,4 h,Tam-only,8.36709107098471e-05,-2.97739067361165e-05,0.000197764443975554
15.4520547945205,24 h,Dox-only,-3.79824368046491e-05,-0.000319093079823644,0.000253046250442155
15.4520547945205,24 h,Tam-only,0.000216624350196971,1.11389073525511e-05,0.000425017128944563
15.4520547945205,4 h,Dox-only,-6.29214002190715e-05,-0.000179719224799675,5.13939935663515e-05
15.4520547945205,4 h,Tam-only,7.69207075334427e-05,-3.47021309491985e-05,0.000189314212497489
15.4931506849315,24 h,Dox-only,-4.36971188258559e-05,-0.000311275844139271,0.000237868140057661
15.4931506849315,24 h,Tam-only,0.000198404214907822,-1.4232232684985e-06,0.000402006156568229
15.4931506849315,4 h,Dox-only,-5.29129717698374e-05,-0.000166989306067359,5.72200801677975e-05
15.4931506849315,4 h,Tam-only,6.94777111253726e-05,-3.96603912701478e-05,0.000179389536084751
15.5342465753425,24 h,Dox-only,-5.03412150894764e-05,-0.000308925612417344,0.000220259271923343
15.5342465753425,24 h,Tam-only,0.000180499821017479,-1.72585515141013e-05,0.00037990070543874
15.5342465753425,4 h,Dox-only,-4.35394752744591e-05,-0.000152541268249385,6.44160278911912e-05
15.5342465753425,4 h,Tam-only,6.15243730336017e-05,-4.55066172190634e-05,0.000170032311832742
15.5753424657534,24 h,Dox-only,-5.78622668744727e-05,-0.000307302825187764,0.000198050834007943
15.5753424657534,24 h,Tam-only,0.000162952448089267,-3.07178580875792e-05,0.00035580022484234
15.5753424657534,4 h,Dox-only,-3.50240736373708e-05,-0.000140843372321674,6.92287771449285e-05
15.5753424657534,4 h,Tam-only,5.32582136890795e-05,-5.1531021552016e-05,0.00016268291800359
15.6164383561644,24 h,Dox-only,-6.61885587996585e-05,-0.00030601768238429,0.000179460715017657
15.6164383561644,24 h,Tam-only,0.000145800569873738,-4.35094447661194e-05,0.000333843878765822
15.6164383561644,4 h,Dox-only,-2.75126175351944e-05,-0.000131577610566322,7.45560744862138e-05
15.6164383561644,4 h,Tam-only,4.50564886376979e-05,-5.93594068353542e-05,0.000155543107618868
15.6575342465753,24 h,Dox-only,-7.52298274634459e-05,-0.00030925218257758,0.000164317803179456
15.6575342465753,24 h,Tam-only,0.000129564812881171,-5.65420412994956e-05,0.000313234948429213
15.6575342465753,4 h,Dox-only,-2.14512444567908e-05,-0.000122744255071853,7.89470760905583e-05
15.6575342465753,4 h,Tam-only,3.68843288495197e-05,-6.72941347649622e-05,0.000146724436925684
15.6986301369863,24 h,Dox-only,-8.48781093097932e-05,-0.000311679443771607,0.000146086727688995
15.6986301369863,24 h,Tam-only,0.000114268047525963,-6.70718657911154e-05,0.000293087085442303
15.6986301369863,4 h,Dox-only,-1.65800370122693e-05,-0.000115686962296153,8.20673741165188e-05
15.6986301369863,4 h,Tam-only,2.90785298339711e-05,-7.56681188103643e-05,0.000137445928055133
15.7397260273973,24 h,Dox-only,-9.49860702031176e-05,-0.00031274608597364,0.000124010316525213
15.7397260273973,24 h,Tam-only,9.89456424918937e-05,-7.87319541811984e-05,0.000270804337083993
15.7397260273973,4 h,Dox-only,-1.28597264883804e-05,-0.000110515447169776,8.45305040262909e-05
15.7397260273973,4 h,Tam-only,2.17908458253512e-05,-8.26096014065038e-05,0.000128781176238199
15.7808219178082,24 h,Dox-only,-0.00010546078743265,-0.000316211236403977,0.000103174265817899
15.7808219178082,24 h,Tam-only,8.36739664331293e-05,-9.15454829028003e-05,0.000248868110687464
15.7808219178082,4 h,Dox-only,-1.02040494317241e-05,-0.000107693261747488,8.54170578627289e-05
15.7808219178082,4 h,Tam-only,1.51444955503747e-05,-8.72924313179976e-05,0.000119350860442514
15.8219178082192,24 h,Dox-only,-0.000116036659030446,-0.000319263601005806,8.54641521256707e-05
15.8219178082192,24 h,Tam-only,6.90077484376372e-05,-0.000102058762258634,0.00022832564822671
15.8219178082192,4 h,Dox-only,-8.48508289555969e-06,-0.000103454182726439,8.5584681110372e-05
15.8219178082192,4 h,Tam-only,9.23130770310449e-06,-9.013959619767e-05,0.000110201840202174
15.8630136986301,24 h,Dox-only,-0.000126542297758988,-0.000324453391761466,6.86828661897651e-05
15.8630136986301,24 h,Tam-only,5.50059751237273e-05,-0.000111506330749734,0.00021126718235191
15.8630136986301,4 h,Dox-only,-7.53941621904337e-06,-0.000100942696198874,8.53877671314008e-05
15.8630136986301,4 h,Tam-only,4.1097931631573e-06,-9.39577904830763e-05,0.000101738206314827
15.9041095890411,24 h,Dox-only,-0.000136801142403181,-0.000328446207216468,5.33047247771166e-05
15.9041095890411,24 h,Tam-only,4.17315193410972e-05,-0.00011729378473779,0.000193876668746577
15.9041095890411,4 h,Dox-only,-7.11712726928783e-06,-9.66658378360091e-05,8.28362955121342e-05
15.9041095890411,4 h,Tam-only,4.86556733856995e-09,-9.54894429234437e-05,9.32008722321776e-05
15.9452054794521,24 h,Dox-only,-0.000146634188621152,-0.000331452385597747,3.83276009483803e-05
15.9452054794521,24 h,Tam-only,2.9571572952316e-05,-0.000123335424657099,0.000177487064862599
15.9452054794521,4 h,Dox-only,-7.09709421752177e-06,-9.25762537138239e-05,7.85694864576147e-05
15.9452054794521,4 h,Tam-only,-3.37612870365258e-06,-9.55563618788397e-05,8.48987923338622e-05
15.986301369863,24 h,Dox-only,-0.000155862828026007,-0.000336185172576184,2.62299485919443e-05
15.986301369863,24 h,Tam-only,1.8512019248168e-05,-0.000127897723041512,0.000160672898275648
15.986301369863,4 h,Dox-only,-7.12428171466338e-06,-9.09812771553885e-05,7.75944159097336e-05
15.986301369863,4 h,Tam-only,-6.03987021102824e-06,-9.35562544006915e-05,7.82236837856506e-05
16.027397260274,24 h,Dox-only,-0.000164199733946184,-0.000343178940896812,1.21609260927188e-05
16.027397260274,24 h,Tam-only,8.18792737433596e-06,-0.000129892648609361,0.000144650076750458
16.027397260274,4 h,Dox-only,-7.00225540269388e-06,-8.75216371895547e-05,7.48900465734861e-05
16.027397260274,4 h,Tam-only,-8.0673978255512e-06,-9.06575463299785e-05,7.08778996328141e-05
16.0684931506849,24 h,Dox-only,-0.000171453478121835,-0.000343918436603989,1.83023820969897e-06
16.0684931506849,24 h,Tam-only,-1.3010262820167e-06,-0.000133059330110097,0.000130676311920505
16.0684931506849,4 h,Dox-only,-6.5563088334998e-06,-8.30402882126326e-05,7.24311840349841e-05
16.0684931506849,4 h,Tam-only,-9.55417514719183e-06,-8.82708970193754e-05,6.44201551279143e-05
16.1095890410959,24 h,Dox-only,-0.000177540296277686,-0.000345246296738546,-8.5471855984225e-06
16.1095890410959,24 h,Tam-only,-9.64851194123215e-06,-0.000135088032387774,0.000117734833006723
16.1095890410959,4 h,Dox-only,-5.63961538523343e-06,-7.93679827780499e-05,7.09097319272786e-05
16.1095890410959,4 h,Tam-only,-1.06052432222103e-05,-8.4309306760967e-05,5.90470602624695e-05
16.1506849315069,24 h,Dox-only,-0.00018233492163905,-0.000349897998072857,-1.73966517964609e-05
16.1506849315069,24 h,Tam-only,-1.6803230921086e-05,-0.000137010227330645,0.00010586060068992
16.1506849315069,4 h,Dox-only,-4.13859632562223e-06,-7.46122215237265e-05,6.9358954170657e-05
16.1506849315069,4 h,Tam-only,-1.13303540373848e-05,-8.2450434741321e-05,5.40359836727861e-05
16.1917808219178,24 h,Dox-only,-0.000185732445632152,-0.000350203181363887,-2.2329232947389e-05
16.1917808219178,24 h,Tam-only,-2.2728140080848e-05,-0.000135598389256914,9.52915106487451e-05
16.1917808219178,4 h,Dox-only,-1.79383176630681e-06,-6.84728844202666e-05,6.9128075647148e-05
16.1917808219178,4 h,Tam-only,-1.17864792110566e-05,-7.86360447562381e-05,5.04178868411727e-05
16.2328767123288,24 h,Dox-only,-0.000187650462524599,-0.000350035787049006,-3.05803906668035e-05
16.2328767123288,24 h,Tam-only,-2.71405008932007e-05,-0.000137298205453841,8.61431854629555e-05
16.2328767123288,4 h,Dox-only,1.18248413555171e-06,-6.29977119340111e-05,6.87008353821748e-05
16.2328767123288,4 h,Tam-only,-1.22044042691134e-05,-7.52064914984724e-05,4.70983594748662e-05
16.2739726027397,24 h,Dox-only,-0.000188030962213508,-0.000348566974747234,-3.41828020927173e-05
16.2739726027397,24 h,Tam-only,-3.01076274103045e-05,-0.000138301430574143,7.73777272899553e-05
16.2739726027397,4 h,Dox-only,4.78963513335373e-06,-5.77221707149323e-05,6.99323080185919e-05
16.2739726027397,4 h,Tam-only,-1.2630297564846e-05,-7.3937261994468e-05,4.58549750151943e-05
16.3150684931507,24 h,Dox-only,-0.000186703363121532,-0.000342806708424398,-3.63256523704624e-05
16.3150684931507,24 h,Tam-only,-3.1931278786665e-05,-0.000138578000574025,7.17273636789224e-05
16.3150684931507,4 h,Dox-only,8.94660606333008e-06,-5.10119365499667e-05,7.0043060729579e-05
16.3150684931507,4 h,Tam-only,-1.31306242382651e-05,-7.32774665344117e-05,4.47061935331587e-05
16.3561643835616,24 h,Dox-only,-0.000183645976369713,-0.000336311524773477,-3.76357381078232e-05
16.3561643835616,24 h,Tam-only,-3.27577716443228e-05,-0.000136659728886711,6.77728195408005e-05
16.3561643835616,4 h,Dox-only,1.35424649314079e-05,-4.59552633268029e-05,7.16105036559376e-05
16.3561643835616,4 h,Tam-only,-1.37563833805129e-05,-7.44265250779974e-05,4.46844381313965e-05
16.3972602739726,24 h,Dox-only,-0.000179081393518778,-0.000326411003490653,-3.73707873292847e-05
16.3972602739726,24 h,Tam-only,-3.25440858127881e-05,-0.000132021242968618,6.406613526674e-05
16.3972602739726,4 h,Dox-only,1.84416860148441e-05,-4.08196072129511e-05,7.6276648966029e-05
16.3972602739726,4 h,Tam-only,-1.45426836892605e-05,-7.70111084077055e-05,4.50304332593005e-05
16.4383561643836,24 h,Dox-only,-0.000173087207513574,-0.000316075100228722,-3.65418320293232e-05
16.4383561643836,24 h,Tam-only,-3.14092967930459e-05,-0.000128102912467657,6.09911196742728e-05
16.4383561643836,4 h,Dox-only,2.35168931905581e-05,-3.5499798657364e-05,8.16193188792038e-05
16.4383561643836,4 h,Tam-only,-1.55047987550971e-05,-7.92441197093319e-05,4.56314249718057e-05
16.4794520547945,24 h,Dox-only,-0.0001657662214383,-0.000300976693199553,-3.37930510339589e-05
16.4794520547945,24 h,Tam-only,-2.94899744573031e-05,-0.00012329232755081,5.85340292484278e-05
16.4794520547945,4 h,Dox-only,2.85660293591563e-05,-3.0923452051559e-05,8.6981897316672e-05
16.4794520547945,4 h,Tam-only,-1.6613396335142e-05,-8.23299269124453e-05,4.71191776309687e-05
16.5205479452055,24 h,Dox-only,-0.000157244505960382,-0.00028699797660203,-3.21273310326842e-05
16.5205479452055,24 h,Tam-only,-2.66920966174403e-05,-0.000116502799567461,5.61992676866237e-05
16.5205479452055,4 h,Dox-only,3.32833300276552e-05,-2.69777259109077e-05,9.29290058049035e-05
16.5205479452055,4 h,Tam-only,-1.79437502686509e-05,-8.51427469413515e-05,4.87858851626151e-05
16.5616438356164,24 h,Dox-only,-0.000147669106450154,-0.000272874175950637,-2.8301397233662e-05
16.5616438356164,24 h,Tam-only,-2.33040639189444e-05,-0.000108796923166384,5.50626887751792e-05
16.5616438356164,4 h,Dox-only,3.75811996926603e-05,-2.27655760294127e-05,9.8380374006759e-05
16.5616438356164,4 h,Tam-only,-1.94014009080261e-05,-8.81330988762492e-05,4.93829179335717e-05
16.6027397260274,24 h,Dox-only,-0.000137136550328357,-0.00025580399308986,-2.46974533862706e-05
16.6027397260274,24 h,Tam-only,-1.97555839227898e-05,-9.95948622233252e-05,5.38677725082761e-05
16.6027397260274,4 h,Dox-only,4.13270435086146e-05,-1.89409988381202e-05,0.000104525181153487
16.6027397260274,4 h,Tam-only,-2.09473834243373e-05,-9.00779686595451e-05,5.01465082526841e-05
16.6438356164384,24 h,Dox-only,-0.000125901069189596,-0.000238580194444594,-2.04224397870784e-05
16.6438356164384,24 h,Tam-only,-1.63909870955642e-05,-9.25304911219504e-05,5.33195995078115e-05
16.6438356164384,4 h,Dox-only,4.44106554998949e-05,-1.55143727181272e-05,0.000108943961154495
16.6438356164384,4 h,Tam-only,-2.25362858162247e-05,-9.26844585370045e-05,4.99690161041861e-05
16.6849315068493,24 h,Dox-only,-0.000114247975412545,-0.00022205267852305,-1.3335574518561e-05
16.6849315068493,24 h,Tam-only,-1.31214605398629e-05,-8.51011527251466e-05,5.28049771893154e-05
16.6849315068493,4 h,Dox-only,4.67472665691971e-05,-1.31515942450547e-05,0.00011284111826048
16.6849315068493,4 h,Tam-only,-2.41178813426457e-05,-9.49085575791859e-05,4.94707575826022e-05
16.7260273972603,24 h,Dox-only,-0.000102372910384061,-0.000207190828238631,-6.36597766063385e-06
16.7260273972603,24 h,Tam-only,-1.00752285589127e-05,-7.70120051325035e-05,5.16528041541109e-05
16.7260273972603,4 h,Dox-only,4.83473159981371e-05,-1.22265435836497e-05,0.000114802867523288
16.7260273972603,4 h,Tam-only,-2.55673384621193e-05,-9.64997148175343e-05,4.81599021102691e-05
16.7671232876712,24 h,Dox-only,-9.04677547325814e-05,-0.000190514491375674,1.77200447178037e-06
16.7671232876712,24 h,Tam-only,-7.35943454807468e-06,-6.92871744253812e-05,5.12248089376333e-05
16.7671232876712,4 h,Dox-only,4.89043084259355e-05,-1.10904228107405e-05,0.000115613841843056
16.7671232876712,4 h,Tam-only,-2.69088704412668e-05,-9.78152887895427e-05,4.62673800464375e-05
16.8082191780822,24 h,Dox-only,-7.87168207930343e-05,-0.000174919549110642,1.16724138676542e-05
16.8082191780822,24 h,Tam-only,-4.89537533286569e-06,-6.18396369163116e-05,5.00015078336197e-05
16.8082191780822,4 h,Dox-only,4.86294061168702e-05,-1.11148882436975e-05,0.000114784792090629
16.8082191780822,4 h,Tam-only,-2.80834503454303e-05,-9.87850221171906e-05,4.42796119851279e-05
16.8493150684932,24 h,Dox-only,-6.72932045265174e-05,-0.000159325643996173,1.99305181194326e-05
16.8493150684932,24 h,Tam-only,-2.86349541933054e-06,-5.60824015809012e-05,4.88722923409438e-05
16.8493150684932,4 h,Dox-only,4.76009542746768e-05,-1.07333796374187e-05,0.000113151369576356
16.8493150684932,4 h,Tam-only,-2.90141546830374e-05,-9.84637554475074e-05,4.24776025453587e-05
16.8904109589041,24 h,Dox-only,-5.63702218714782e-05,-0.000148181879114392,3.08280890056355e-05
16.8904109589041,24 h,Tam-only,-1.44160389161014e-06,-5.16225969658541e-05,4.93131486593125e-05
16.8904109589041,4 h,Dox-only,4.58910687229974e-05,-1.10257936515085e-05,0.000109852409690046
16.8904109589041,4 h,Tam-only,-2.96538961185351e-05,-9.7726283345405e-05,3.97768881148544e-05
16.9315068493151,24 h,Dox-only,-4.62237022541892e-05,-0.00013685689038191,4.14447108093741e-05
16.9315068493151,24 h,Tam-only,-7.57737299955674e-07,-4.99830898699156e-05,4.90823079223294e-05
16.9315068493151,4 h,Dox-only,4.35881040187703e-05,-1.07402832613788e-05,0.000104900218433841
16.9315068493151,4 h,Tam-only,-2.99600575213687e-05,-9.65155911560107e-05,3.82360081884218e-05
16.972602739726,24 h,Dox-only,-3.6854576700999e-05,-0.000128674749759585,5.11950267229284e-05
16.972602739726,24 h,Tam-only,-5.10358447506384e-07,-4.94455540822061e-05,4.91566055569198e-05
16.972602739726,4 h,Dox-only,4.07927953919806e-05,-1.04444716628323e-05,9.91876625388918e-05
16.972602739726,4 h,Tam-only,-2.98952500928616e-05,-9.54283878522085e-05,3.57448368528004e-05
17.013698630137,24 h,Dox-only,-2.83332877785496e-05,-0.000119648932819053,6.09162660647856e-05
17.013698630137,24 h,Tam-only,-6.3337496665223e-07,-4.96643620389359e-05,5.03815582721844e-05
17.013698630137,4 h,Dox-only,3.76504790595445e-05,-1.05347549463577e-05,9.26312925141903e-05
17.013698630137,4 h,Tam-only,-2.93675036010585e-05,-9.40912073333855e-05,3.4184977967126e-05
17.0547945205479,24 h,Dox-only,-2.07050614807298e-05,-0.000112215061774083,7.01573599851967e-05
17.0547945205479,24 h,Tam-only,-1.04538817547898e-06,-5.22684435849651e-05,5.03709741166303e-05
17.0547945205479,4 h,Dox-only,3.41684425773199e-05,-1.06633019683348e-05,8.52397044795933e-05
17.0547945205479,4 h,Tam-only,-2.83971575067537e-05,-9.20832993559292e-05,3.3817993136006e-05
17.0958904109589,24 h,Dox-only,-1.39902169157821e-05,-0.000105838918011702,7.72021294814759e-05
17.0958904109589,24 h,Tam-only,-1.57443587607629e-06,-5.49004554228034e-05,5.18100460813492e-05
17.0958904109589,4 h,Dox-only,3.05802412371828e-05,-1.0698268601198e-05,7.77807952048761e-05
17.0958904109589,4 h,Tam-only,-2.69806078687849e-05,-8.93018174128082e-05,3.33296296081072e-05
17.1369863013699,24 h,Dox-only,-8.18491874819699e-06,-0.000100213254548346,8.4412794551058e-05
17.1369863013699,24 h,Tam-only,-2.20461218687748e-06,-5.79360533295777e-05,5.21690456150919e-05
17.1369863013699,4 h,Dox-only,2.69849643008267e-05,-1.00329612174974e-05,6.96987251878256e-05
17.1369863013699,4 h,Tam-only,-2.51147323833022e-05,-8.61474415632735e-05,3.26071031310653e-05
17.1780821917808,24 h,Dox-only,-3.29576872120572e-06,-9.52885133653919e-05,9.09220431859507e-05
17.1780821917808,24 h,Tam-only,-2.88100207343408e-06,-6.02828477445714e-05,5.20062926506653e-05
17.1780821917808,4 h,Dox-only,2.34709468146471e-05,-9.40317219509708e-06,6.24554771516969e-05
17.1780821917808,4 h,Tam-only,-2.28044752299134e-05,-8.29981385425566e-05,3.3349250873429e-05
17.2191780821918,24 h,Dox-only,6.50682464499073e-07,-9.04373560866631e-05,9.59439100290967e-05
17.2191780821918,24 h,Tam-only,-3.49863980015822e-06,-6.23418011623872e-05,5.25802286514396e-05
17.2191780821918,4 h,Dox-only,2.0114330694582e-05,-8.55329264511534e-06,5.54329267336099e-05
17.2191780821918,4 h,Tam-only,-2.00628425784786e-05,-7.90829002303135e-05,3.44976750519873e-05
17.2602739726027,24 h,Dox-only,3.87531875120775e-06,-8.58055065663243e-05,0.000100082550938635
17.2602739726027,24 h,Tam-only,-3.89840849091721e-06,-6.35525329282002e-05,5.2438513729439e-05
17.2602739726027,4 h,Dox-only,1.69780163032054e-05,-8.44556996128996e-06,4.74891214723523e-05
17.2602739726027,4 h,Tam-only,-1.69108021088427e-05,-7.50600259705954e-05,3.58070380075132e-05
17.3013698630137,24 h,Dox-only,6.46726079428771e-06,-8.10189558252323e-05,0.000102265605535538
17.3013698630137,24 h,Tam-only,-4.0197519557388e-06,-6.43848000300165e-05,5.19959882353504e-05
17.3013698630137,4 h,Dox-only,1.40961719718062e-05,-8.53012196376727e-06,4.11409346554164e-05
17.3013698630137,4 h,Tam-only,-1.33837937522187e-05,-7.07148646639127e-05,3.81724149599592e-05
17.3424657534247,24 h,Dox-only,8.52189741042592e-06,-7.80335829178542e-05,0.00010255578231924
17.3424657534247,24 h,Tam-only,-3.82057695028553e-06,-6.44829747173702e-05,5.22616341919904e-05
17.3424657534247,4 h,Dox-only,1.15934539784353e-05,-9.24930154865401e-06,3.57378690498419e-05
17.3424657534247,4 h,Tam-only,-9.4598635430717e-06,-6.62995734191679e-05,4.05382706973651e-05
17.3835616438356,24 h,Dox-only,1.01374675222118e-05,-7.47075483103294e-05,0.000103469805430687
17.3835616438356,24 h,Tam-only,-3.28995895026318e-06,-6.33477751509681e-05,5.17321552143995e-05
17.3835616438356,4 h,Dox-only,9.41801231643359e-06,-1.06092905895094e-05,3.12759462006766e-05
17.3835616438356,4 h,Tam-only,-5.25905086507195e-06,-6.16275433962545e-05,4.36804257673036e-05
17.4246575342466,24 h,Dox-only,1.14117299982186e-05,-7.09939138064555e-05,0.000103875817815421
17.4246575342466,24 h,Tam-only,-2.45071048773069e-06,-6.10947135903245e-05,5.16771290752859e-05
17.4246575342466,4 h,Dox-only,7.56891341286992e-06,-1.24133191754082e-05,2.87951997501801e-05
17.4246575342466,4 h,Tam-only,-8.35546560670341e-07,-5.63449882461442e-05,4.73190917091431e-05
17.4657534246575,24 h,Dox-only,1.24258146398688e-05,-6.70443502431822e-05,0.000105119511559824
17.4657534246575,24 h,Tam-only,-1.30560997855839e-06,-5.87257431301595e-05,5.25942888301246e-05
17.4657534246575,4 h,Dox-only,6.03616578034389e-06,-1.4587602910923e-05,2.7928373879151e-05
17.4657534246575,4 h,Tam-only,3.75208434113774e-06,-5.17109792245154e-05,5.08802973658476e-05
17.5068493150685,24 h,Dox-only,1.32850262138707e-05,-6.44468493837083e-05,0.000105764365268986
17.5068493150685,24 h,Tam-only,1.9398023905383e-07,-5.4958886736909e-05,5.45850364374807e-05
17.5068493150685,4 h,Dox-only,4.80228295424655e-06,-1.70751295921704e-05,2.82327575961827e-05
17.5068493150685,4 h,Tam-only,8.44181510146e-06,-4.57897833026263e-05,5.51772726415904e-05
17.5479452054795,24 h,Dox-only,1.40864288537579e-05,-6.25659257417046e-05,0.000105420396736041
17.5479452054795,24 h,Tam-only,1.90390960079848e-06,-5.13137809165197e-05,5.51778649652064e-05
17.5479452054795,4 h,Dox-only,3.84386232765818e-06,-1.96683370523645e-05,2.87701060157987e-05
17.5479452054795,4 h,Tam-only,1.31690984722963e-05,-3.98559899335719e-05,6.02057718581715e-05
17.5890410958904,24 h,Dox-only,1.48807315411859e-05,-6.17859303770737e-05,0.000104693280250255
17.5890410958904,24 h,Tam-only,3.74940765003904e-06,-4.7562386231959e-05,5.643593997774e-05
17.5890410958904,4 h,Dox-only,3.11886828594735e-06,-2.19738630400564e-05,2.98017413007594e-05
17.5890410958904,4 h,Tam-only,1.78275507325891e-05,-3.46972100855939e-05,6.56081968644865e-05
17.6301369863014,24 h,Dox-only,1.57042991497417e-05,-6.07106929084359e-05,0.000104082758312348
17.6301369863014,24 h,Tam-only,5.64917815189714e-06,-4.32321429602596e-05,5.67713303796036e-05
17.6301369863014,4 h,Dox-only,2.66788251009807e-06,-2.33675046086419e-05,3.08510405297056e-05
17.6301369863014,4 h,Tam-only,2.23915654658627e-05,-2.89423373845585e-05,7.06783561522852e-05
17.6712328767123,24 h,Dox-only,1.65792431739742e-05,-6.06330918567243e-05,0.00010396350331311
17.6712328767123,24 h,Tam-only,7.46763387841329e-06,-3.81732345362609e-05,5.83735160776817e-05
17.6712328767123,4 h,Dox-only,2.38983144352736e-06,-2.48479035218527e-05,3.17958328674253e-05
17.6712328767123,4 h,Tam-only,2.67653525325469e-05,-2.33302811741995e-05,7.66546684409998e-05
17.7123287671233,24 h,Dox-only,1.75138693613469e-05,-6.06909918802017e-05,0.000103334513787892
17.7123287671233,24 h,Tam-only,9.18093113282819e-06,-3.43421704576306e-05,5.86551053135998e-05
17.7123287671233,4 h,Dox-only,2.25497536466749e-06,-2.60853724171659e-05,3.26605406964156e-05
17.7123287671233,4 h,Tam-only,3.08881782753216e-05,-1.74604497274506e-05,8.18178684196769e-05
17.7534246575342,24 h,Dox-only,1.85047476757564e-05,-6.02342610662274e-05,0.000103002298883017
17.7534246575342,24 h,Tam-only,1.07382028459551e-05,-3.01587031166689e-05,5.83287813421332e-05
17.7534246575342,4 h,Dox-only,2.23592726142959e-06,-2.67413911077303e-05,3.33531433054107e-05
17.7534246575342,4 h,Tam-only,3.47035204496174e-05,-1.20052175921718e-05,8.59100236580494e-05
17.7945205479452,24 h,Dox-only,1.95331489329353e-05,-6.02630494983078e-05,0.000103115691804066
17.7945205479452,24 h,Tam-only,1.20487699271485e-05,-2.71459797125337e-05,5.69106730300591e-05
17.7945205479452,4 h,Dox-only,2.30815848557641e-06,-2.67433601724012e-05,3.32098545017865e-05
17.7945205479452,4 h,Tam-only,3.81598931731339e-05,-6.74619392568313e-06,8.93678124936313e-05
17.8356164383562,24 h,Dox-only,2.05539261986507e-05,-5.94901471871439e-05,0.000101004133623909
17.8356164383562,24 h,Tam-only,1.30441607610912e-05,-2.42720599578138e-05,5.52713883099709e-05
17.8356164383562,4 h,Dox-only,2.45036074524778e-06,-2.67154130866171e-05,3.31960870711762e-05
17.8356164383562,4 h,Tam-only,4.12116131561438e-05,-2.63577705301478e-06,9.30639917268555e-05
17.8767123287671,24 h,Dox-only,2.15288353551926e-05,-5.7468085550852e-05,0.000101379928078882
17.8767123287671,24 h,Tam-only,1.36930528450703e-05,-2.13368841923509e-05,5.32689328027042e-05
17.8767123287671,4 h,Dox-only,2.68402197829438e-06,-2.59973843293522e-05,3.30364584898689e-05
17.8767123287671,4 h,Tam-only,4.37849698082781e-05,-1.46529363584801e-08,9.58482984849152e-05
17.9178082191781,24 h,Dox-only,2.24164986600788e-05,-5.66056172622577e-05,0.000102546104399459
17.9178082191781,24 h,Tam-only,1.39805919415488e-05,-1.86278606278576e-05,5.14533252747931e-05
17.9178082191781,4 h,Dox-only,2.93133675087834e-06,-2.53605381592833e-05,3.28300527259318e-05
17.9178082191781,4 h,Tam-only,4.58204072800745e-05,3.39934235933744e-06,9.76633198893368e-05
17.958904109589,24 h,Dox-only,2.317392718965e-05,-5.45764321114441e-05,0.000105532671186029
17.958904109589,24 h,Tam-only,1.39532788128812e-05,-1.66399988150068e-05,4.94604619509241e-05
17.958904109589,4 h,Dox-only,3.20006633740448e-06,-2.43358814666408e-05,3.23592461491177e-05
17.958904109589,4 h,Tam-only,4.73528389210609e-05,5.71312728230564e-06,9.8977484568731e-05
18,24 h,Dox-only,2.3757868051374e-05,-5.51554322235285e-05,0.000108859656903545
18,24 h,Tam-only,1.36328220850729e-05,-1.49678929869964e-05,4.69371886293454e-05
18,4 h,Dox-only,3.48327813528337e-06,-2.28559509848308e-05,3.14982171831926e-05
18,4 h,Tam-only,4.83749197790678e-05,7.22677489720661e-06,0.000100152047257803
18.041095890411,24 h,Dox-only,2.41315790806898e-05,-5.63608914827088e-05,0.000110596017044195
18.041095890411,24 h,Tam-only,1.30404013856385e-05,-1.35407547813529e-05,4.5345089034062e-05
18.041095890411,4 h,Dox-only,3.77587677318162e-06,-2.1637969586077e-05,3.07738755226185e-05
18.041095890411,4 h,Tam-only,4.88879261510002e-05,7.37662000168074e-06,0.000100396695409388
18.0821917808219,24 h,Dox-only,2.41848911053872e-05,-5.7535149930221e-05,0.000113910557938281
18.0821917808219,24 h,Tam-only,1.20714493604205e-05,-1.35698115661338e-05,4.46224072018833e-05
18.0821917808219,4 h,Dox-only,4.07408316648004e-06,-1.96327140166521e-05,2.94189848239262e-05
18.0821917808219,4 h,Tam-only,4.89016426426253e-05,7.37024714657287e-06,0.000100683752083537
18.1232876712329,24 h,Dox-only,2.39248419172408e-05,-6.01297625167191e-05,0.000117510478586914
18.1232876712329,24 h,Tam-only,1.08952988518552e-05,-1.52372980028128e-05,4.36594969917059e-05
18.1232876712329,4 h,Dox-only,4.3749024760243e-06,-1.82112354315659e-05,2.81469057514875e-05
18.1232876712329,4 h,Tam-only,4.84341532641126e-05,6.81501666241578e-06,0.000101155132778732
18.1643835616438,24 h,Dox-only,2.33225733215039e-05,-6.23108257167895e-05,0.000119639883000848
18.1643835616438,24 h,Tam-only,9.57098914277743e-06,-1.82118401904328e-05,4.31239406866752e-05
18.1643835616438,4 h,Dox-only,4.74415056222921e-06,-1.65930508685688e-05,2.71668869121336e-05
18.1643835616438,4 h,Tam-only,4.75033960572766e-05,5.45471736030974e-06,0.000100519140198528
18.2054794520548,24 h,Dox-only,2.23495547205954e-05,-6.5306211576386e-05,0.000123183860451665
18.2054794520548,24 h,Tam-only,8.15461367841561e-06,-2.28491590440154e-05,4.22828176941875e-05
18.2054794520548,4 h,Dox-only,5.03542639593687e-06,-1.47813228724938e-05,2.63804922852206e-05
18.2054794520548,4 h,Tam-only,4.6095077550112e-05,4.09529476380814e-06,9.95505171123198e-05
18.2465753424658,24 h,Dox-only,2.09806022716297e-05,-7.00346021423235e-05,0.000123859027733154
18.2465753424658,24 h,Tam-only,6.8229997367512e-06,-2.75169190097143e-05,4.22749220436173e-05
18.2465753424658,4 h,Dox-only,5.31322308876313e-06,-1.32065226280227e-05,2.53705838285107e-05
18.2465753424658,4 h,Tam-only,4.43314529814669e-05,2.9133562065443e-06,9.88385789540183e-05
18.2876712328767,24 h,Dox-only,1.91940824722057e-05,-7.5209032585819e-05,0.00012369702483767
18.2876712328767,24 h,Tam-only,5.50189600598253e-06,-3.31050130413397e-05,4.22230709072292e-05
18.2876712328767,4 h,Dox-only,5.57169764228802e-06,-1.17732500134718e-05,2.45006821968873e-05
18.2876712328767,4 h,Tam-only,4.22627508901981e-05,1.54119950681438e-06,9.67130202562022e-05
18.3287671232877,24 h,Dox-only,1.69724886158751e-05,-7.96166040964392e-05,0.000122125799333536
18.3287671232877,24 h,Tam-only,4.20673615052482e-06,-3.70634909555342e-05,4.23502840842246e-05
18.3287671232877,4 h,Dox-only,5.8037855575191e-06,-1.04627484924501e-05,2.42455227411395e-05
18.3287671232877,4 h,Tam-only,3.99425257193342e-05,3.8792122499329e-07,9.42451429665108e-05
18.3698630136986,24 h,Dox-only,1.42189909663688e-05,-8.32120198584919e-05,0.000120356324321117
18.3698630136986,24 h,Tam-only,2.8667324010733e-06,-4.09937812866353e-05,4.16591661094964e-05
18.3698630136986,4 h,Dox-only,6.0012307272079e-06,-9.12337781215412e-06,2.35342140841251e-05
18.3698630136986,4 h,Tam-only,3.74265742959104e-05,-9.62932057611399e-07,9.0496459898711e-05
18.4109589041096,24 h,Dox-only,1.10019556116101e-05,-8.65909539665955e-05,0.000114157901721448
18.4109589041096,24 h,Tam-only,1.60062331542435e-06,-4.4492108328738e-05,4.10927113557926e-05
18.4109589041096,4 h,Dox-only,6.15469461379028e-06,-7.91840799033315e-06,2.26226191094879e-05
18.4109589041096,4 h,Tam-only,3.47718308964412e-05,-2.12849943529799e-06,8.66695439206267e-05
18.4520547945205,24 h,Dox-only,7.33621313726254e-06,-8.94338338685738e-05,0.000108465137074585
18.4520547945205,24 h,Tam-only,4.21470121048822e-07,-4.67340975531235e-05,4.00412211352957e-05
18.4520547945205,4 h,Dox-only,6.27609845962375e-06,-6.76735355355889e-06,2.21571594802541e-05
18.4520547945205,4 h,Tam-only,3.20612173506453e-05,-3.13740715669476e-06,8.21741445473005e-05
18.4931506849315,24 h,Dox-only,3.23688917987287e-06,-9.09898656499355e-05,9.84857135621593e-05
18.4931506849315,24 h,Tam-only,-6.74942439544632e-07,-4.82692582355327e-05,3.8540767301292e-05
18.4931506849315,4 h,Dox-only,6.2809260096518e-06,-5.76250825928888e-06,2.13796683193178e-05
18.4931506849315,4 h,Tam-only,2.93135025073718e-05,-4.10779430763229e-06,7.73876070523246e-05
18.5342465753425,24 h,Dox-only,-1.2707400377998e-06,-9.1299290642481e-05,8.83188675983617e-05
18.5342465753425,24 h,Tam-only,-1.65614944908107e-06,-4.88983831639162e-05,3.6524160667673e-05
18.5342465753425,4 h,Dox-only,6.20640130983694e-06,-4.93215296362789e-06,2.05782690432116e-05
18.5342465753425,4 h,Tam-only,2.66137820890717e-05,-4.71835503170428e-06,7.21141822244543e-05
18.5753424657534,24 h,Dox-only,-6.15030765340515e-06,-9.253272569294e-05,7.69731768145651e-05
18.5753424657534,24 h,Tam-only,-2.62903013595258e-06,-4.85688830778121e-05,3.41328057566569e-05
18.5753424657534,4 h,Dox-only,6.04444971074622e-06,-4.14549808542953e-06,1.96137111048364e-05
18.5753424657534,4 h,Tam-only,2.40059215078465e-05,-5.19929529069383e-06,6.67704969017999e-05
18.6164383561644,24 h,Dox-only,-1.13535582486103e-05,-9.2968261291866e-05,6.42423619801194e-05
18.6164383561644,24 h,Tam-only,-3.61456952305834e-06,-4.76802613608951e-05,3.08047465150789e-05
18.6164383561644,4 h,Dox-only,5.78845679043558e-06,-3.38662715028091e-06,1.83345216201024e-05
18.6164383561644,4 h,Tam-only,2.15280979040441e-05,-5.69929533608048e-06,6.09913438198048e-05
18.6575342465753,24 h,Dox-only,-1.68479779375527e-05,-9.3132397568312e-05,4.98730298938276e-05
18.6575342465753,24 h,Tam-only,-4.62389701726075e-06,-4.61754687047226e-05,2.69908000117897e-05
18.6575342465753,4 h,Dox-only,5.43362465360351e-06,-2.76990693703808e-06,1.68481315040332e-05
18.6575342465753,4 h,Tam-only,1.92122627030743e-05,-5.8038030045677e-06,5.5699120108362e-05
18.6986301369863,24 h,Dox-only,-2.24880427978392e-05,-9.38209698840653e-05,3.66379302192008e-05
18.6986301369863,24 h,Tam-only,-5.64302624171838e-06,-4.42196570868571e-05,2.28501470710562e-05
18.6986301369863,4 h,Dox-only,4.9759154437458e-06,-2.26737479404669e-06,1.51250156329991e-05
18.6986301369863,4 h,Tam-only,1.70837102656155e-05,-5.65977790622311e-06,5.03998319681572e-05
18.7397260273973,24 h,Dox-only,-2.81759616445478e-05,-9.56550919977174e-05,2.39134709904173e-05
18.7397260273973,24 h,Tam-only,-6.68047688455489e-06,-4.19029635892376e-05,1.83604444048836e-05
18.7397260273973,4 h,Dox-only,4.39075701417745e-06,-1.80545092992004e-06,1.32037561406528e-05
18.7397260273973,4 h,Tam-only,1.51976175065222e-05,-5.370135932999e-06,4.51783355004508e-05
18.7808219178082,24 h,Dox-only,-3.38089342766659e-05,-9.62017224973253e-05,1.34138307785261e-05
18.7808219178082,24 h,Tam-only,-7.74340790594936e-06,-4.00948949730015e-05,1.36728139244314e-05
18.7808219178082,4 h,Dox-only,3.71388649630923e-06,-1.51478373785603e-06,1.09542172429181e-05
18.7808219178082,4 h,Tam-only,1.35316414287009e-05,-4.78374189641467e-06,4.00574990550681e-05
18.8219178082192,24 h,Dox-only,-3.92784959197322e-05,-9.88844926332619e-05,5.76385083039213e-06
18.8219178082192,24 h,Tam-only,-8.89297013829433e-06,-3.77734658143513e-05,9.02561126746592e-06
18.8219178082192,4 h,Dox-only,2.95084331923925e-06,-1.32475470840232e-06,8.53430468319333e-06
18.8219178082192,4 h,Tam-only,1.2080725849402e-05,-3.97440052630815e-06,3.561037699526e-05
18.8630136986301,24 h,Dox-only,-4.44731327385528e-05,-0.000103991621697032,2.0313572016175e-06
18.8630136986301,24 h,Tam-only,-1.00691447621463e-05,-3.57749077364952e-05,4.70338777000437e-06
18.8630136986301,4 h,Dox-only,2.11075632873195e-06,-1.19645966090323e-06,6.25810627671537e-06
18.8630136986301,4 h,Tam-only,1.08367887387212e-05,-2.91826815118899e-06,3.14555767161807e-05
18.9041095890411,24 h,Dox-only,-4.92811376512463e-05,-0.000109231900069364,-1.14747427960989e-06
18.9041095890411,24 h,Tam-only,-1.12434410526685e-05,-3.46075975718363e-05,2.03124609727211e-06
18.9041095890411,4 h,Dox-only,1.20422043048921e-06,-1.44219596305943e-06,4.43588302035272e-06
18.9041095890411,4 h,Tam-only,9.78646428147814e-06,-1.79162327862222e-06,2.76181592812935e-05
18.9452054794521,24 h,Dox-only,-5.34887818796342e-05,-0.000118294445185505,-4.65735096120573e-06
18.9452054794521,24 h,Tam-only,-1.23144469671105e-05,-3.36307181377386e-05,1.11368442977437e-06
18.9452054794521,4 h,Dox-only,2.42880812307005e-07,-2.40313809725394e-06,3.45483622634206e-06
18.9452054794521,4 h,Tam-only,8.91179439157103e-06,-9.03600904265545e-07,2.41676227087879e-05
18.986301369863,24 h,Dox-only,-5.70418572072088e-05,-0.000127478023488575,-7.21241876341196e-06
18.986301369863,24 h,Tam-only,-1.3290878481694e-05,-3.38069266197931e-05,5.77728622607299e-07
18.986301369863,4 h,Dox-only,-7.68600289147251e-07,-4.76270706528968e-06,2.90909252940812e-06
18.986301369863,4 h,Tam-only,8.18977461181405e-06,-2.53519808828369e-07,2.12356333385391e-05
19.027397260274,24 h,Dox-only,-5.98815546180916e-05,-0.000135722434426632,-6.35434042215645e-06
19.027397260274,24 h,Tam-only,-1.41600440066664e-05,-3.4594356905754e-05,2.48430427252395e-07
19.027397260274,4 h,Dox-only,-1.80790161034451e-06,-7.52598140606084e-06,2.58247771345552e-06
19.027397260274,4 h,Tam-only,7.61166504226549e-06,1.44631199589045e-07,1.90186651117226e-05
19.0684931506849,24 h,Dox-only,-6.19482514589563e-05,-0.000143560365697291,-4.80504566801115e-06
19.0684931506849,24 h,Tam-only,-1.48979625713307e-05,-3.68020472085908e-05,1.15390767748895e-07
19.0684931506849,4 h,Dox-only,-2.85412503793987e-06,-1.03369774748602e-05,2.4025190598762e-06
19.0684931506849,4 h,Tam-only,7.12880502940833e-06,9.56122802048735e-08,1.71392635462152e-05
19.1095890410959,24 h,Dox-only,-6.32007651568863e-05,-0.000148300030179558,-3.44687523373013e-06
19.1095890410959,24 h,Tam-only,-1.54936630219309e-05,-3.85316142597865e-05,2.51880321434835e-07
19.1095890410959,4 h,Dox-only,-3.90561317173962e-06,-1.30980822551385e-05,2.26721145162101e-06
19.1095890410959,4 h,Tam-only,6.70763589947101e-06,-1.39197204602746e-07,1.58162456735559e-05
19.1506849315069,24 h,Dox-only,-6.36175229024164e-05,-0.000152114671648738,-2.10562826906247e-06
19.1506849315069,24 h,Tam-only,-1.58631224717028e-05,-4.0842231447945e-05,6.4180757421864e-07
19.1506849315069,4 h,Dox-only,-4.95660782777685e-06,-1.58234340786335e-05,2.08430907367911e-06
19.1506849315069,4 h,Tam-only,6.32194762525097e-06,-6.11435382106504e-07,1.50259986428571e-05
19.1917808219178,24 h,Dox-only,-6.31972984161061e-05,-0.000153212764829337,-5.21266860478735e-07
19.1917808219178,24 h,Tam-only,-1.59809888344822e-05,-4.21252261987622e-05,1.31429871402075e-06
19.1917808219178,4 h,Dox-only,-6.00361393546377e-06,-1.83202821081005e-05,1.92495804903926e-06
19.1917808219178,4 h,Tam-only,5.94732127246741e-06,-1.03859155450193e-06,1.50285563554559e-05
19.2328767123288,24 h,Dox-only,-6.18363795205883e-05,-0.000152933029431342,6.96986825636967e-08
19.2328767123288,24 h,Tam-only,-1.58135170492362e-05,-4.31435878040767e-05,2.38734228016102e-06
19.2328767123288,4 h,Dox-only,-7.04544216478066e-06,-2.07647422222362e-05,1.78335841494982e-06
19.2328767123288,4 h,Tam-only,5.56174833994825e-06,-1.39333106732242e-06,1.54619738586701e-05
19.2739726027397,24 h,Dox-only,-5.97031216623804e-05,-0.000150066372448226,1.14283423009842e-06
19.2739726027397,24 h,Tam-only,-1.54043255684424e-05,-4.34403436065954e-05,3.41017936829306e-06
19.2739726027397,4 h,Dox-only,-8.07174838048321e-06,-2.30824246679913e-05,1.64782195052581e-06
19.2739726027397,4 h,Tam-only,5.15215856528813e-06,-2.36084862317601e-06,1.56162097814877e-05
19.3150684931507,24 h,Dox-only,-5.68988548339948e-05,-0.000145630614742758,2.3255166397487e-06
19.3150684931507,24 h,Tam-only,-1.47719956313219e-05,-4.29761587301606e-05,4.70710853374769e-06
19.3150684931507,4 h,Dox-only,-9.1028788523477e-06,-2.51350921035462e-05,1.49735168645553e-06
19.3150684931507,4 h,Tam-only,4.68465157607329e-06,-3.79907363744745e-06,1.56205073428172e-05
19.3561643835616,24 h,Dox-only,-5.3509233583226e-05,-0.000138431593067149,4.40348640341851e-06
19.3561643835616,24 h,Tam-only,-1.39187794306177e-05,-4.19156818410411e-05,5.98059668256831e-06
19.3561643835616,4 h,Dox-only,-1.0143712484828e-05,-2.70986172589118e-05,1.34169455176529e-06
19.3561643835616,4 h,Tam-only,4.15619379287437e-06,-4.74770193479076e-06,1.57344565423228e-05
19.3972602739726,24 h,Dox-only,-4.96303305422589e-05,-0.000130998616201087,5.35194323358224e-06
19.3972602739726,24 h,Tam-only,-1.27916173275342e-05,-4.03254572180361e-05,7.24504412903751e-06
19.3972602739726,4 h,Dox-only,-1.11981844232296e-05,-2.99062729742664e-05,1.18408192488413e-06
19.3972602739726,4 h,Tam-only,3.56514398647105e-06,-5.70390599214505e-06,1.56850923331799e-05
19.4383561643836,24 h,Dox-only,-4.53659591143591e-05,-0.000122939211094979,7.2767461765341e-06
19.4383561643836,24 h,Tam-only,-1.1474031382804e-05,-3.8332922367494e-05,8.63207172409533e-06
19.4383561643836,4 h,Dox-only,-1.22711775002733e-05,-3.31793728714286e-05,1.03743313717341e-06
19.4383561643836,4 h,Tam-only,2.9121797253973e-06,-7.36545984072087e-06,1.55183160884328e-05
19.4794520547945,24 h,Dox-only,-4.08249370130732e-05,-0.000113751864023684,9.7730247534184e-06
19.4794520547945,24 h,Tam-only,-1.00072481748687e-05,-3.58463732661099e-05,1.01901235285183e-05
19.4794520547945,4 h,Dox-only,-1.33659429124721e-05,-3.62393658163911e-05,8.95374030052508e-07
19.4794520547945,4 h,Tam-only,2.20197159274946e-06,-9.14548585175326e-06,1.51164718796436e-05
19.5205479452055,24 h,Dox-only,-3.61053303745415e-05,-0.000104305883762601,1.20130886097406e-05
19.5205479452055,24 h,Tam-only,-8.50769524027929e-06,-3.32607646434245e-05,1.17810591858472e-05
19.5205479452055,4 h,Dox-only,-1.44833653137743e-05,-3.94877786085794e-05,7.62797116571945e-07
19.5205479452055,4 h,Tam-only,1.44296426914982e-06,-1.09046587964937e-05,1.45883359591662e-05
19.5616438356164,24 h,Dox-only,-3.13841472328689e-05,-9.48223705127006e-05,1.39040061606107e-05
19.5616438356164,24 h,Tam-only,-7.00644279654499e-06,-3.06128779176785e-05,1.35832514774027e-05
19.5616438356164,4 h,Dox-only,-1.55899751954739e-05,-4.31985171060798e-05,6.4954923606472e-07
19.5616438356164,4 h,Tam-only,6.69938931918126e-07,-1.2605664228702e-05,1.38762746496245e-05
19.6027397260274,24 h,Dox-only,-2.67571659291768e-05,-8.52402248963889e-05,1.56082542450946e-05
19.6027397260274,24 h,Tam-only,-5.51363403736538e-06,-2.78873591506081e-05,1.51749802968418e-05
19.6027397260274,4 h,Dox-only,-1.67396834737343e-05,-4.67626159667297e-05,5.53776832976226e-07
19.6027397260274,4 h,Tam-only,-1.45093079941235e-07,-1.4204671174329e-05,1.30759276085108e-05
19.6438356164384,24 h,Dox-only,-2.23148543421347e-05,-7.52076098367974e-05,1.69725482201774e-05
19.6438356164384,24 h,Tam-only,-4.0448407144936e-06,-2.50329359774263e-05,1.65589350140072e-05
19.6438356164384,4 h,Dox-only,-1.7883193568747e-05,-5.03669378837587e-05,4.60927747410786e-07
19.6438356164384,4 h,Tam-only,-9.54632499592074e-07,-1.56732372764962e-05,1.22263855343094e-05
19.6849315068493,24 h,Dox-only,-1.8137672168935e-05,-6.60560514415124e-05,1.80121972100575e-05
19.6849315068493,24 h,Tam-only,-2.58475544904433e-06,-2.20558262391892e-05,1.78766959038359e-05
19.6849315068493,4 h,Dox-only,-1.89996140517604e-05,-5.39459548567485e-05,3.78372408680786e-07
19.6849315068493,4 h,Tam-only,-1.73815385471945e-06,-1.69615938458038e-05,1.12738634233255e-05
19.7260273972603,24 h,Dox-only,-1.42949767125428e-05,-5.73587632505527e-05,1.88352761831277e-05
19.7260273972603,24 h,Tam-only,-1.2648459576704e-06,-1.93788891212252e-05,1.87181472956449e-05
19.7260273972603,4 h,Dox-only,-2.00631848942117e-05,-5.74384604134169e-05,3.07288078642717e-07
19.7260273972603,4 h,Tam-only,-2.47459069259199e-06,-1.80792964404964e-05,1.02998610333358e-05
19.7671232876712,24 h,Dox-only,-1.08441520655954e-05,-4.8567938310598e-05,1.95467505371564e-05
19.7671232876712,24 h,Tam-only,-1.22339088716304e-07,-1.688982586709e-05,1.91946024219466e-05
19.7671232876712,4 h,Dox-only,-2.1043694553846e-05,-6.07189025057902e-05,2.46957868264711e-07
19.7671232876712,4 h,Tam-only,-3.14294517457324e-06,-1.90483280271815e-05,9.28583247697975e-06
19.8082191780822,24 h,Dox-only,-7.88882017479988e-06,-4.07656533692399e-05,2.03129970196726e-05
19.8082191780822,24 h,Tam-only,7.54409873243716e-07,-1.45214984032134e-05,1.93748832671919e-05
19.8082191780822,4 h,Dox-only,-2.1907045370265e-05,-6.36284895376293e-05,1.96449519238179e-07
19.8082191780822,4 h,Tam-only,-3.72289876303826e-06,-1.97178384467195e-05,8.30726063617155e-06
19.8493150684932,24 h,Dox-only,-5.44209992352664e-06,-3.41646994720779e-05,2.13366411686729e-05
19.8493150684932,24 h,Tam-only,1.39422807399521e-06,-1.24513486257179e-05,1.89171266422284e-05
19.8493150684932,4 h,Dox-only,-2.25805079464058e-05,-6.60691208636581e-05,1.56761252709733e-07
19.8493150684932,4 h,Tam-only,-4.17435204103604e-06,-2.00584645969068e-05,7.35063167848063e-06
19.8904109589041,24 h,Dox-only,-3.47597436234783e-06,-2.83592935993378e-05,2.13581704990117e-05
19.8904109589041,24 h,Tam-only,1.83089114701457e-06,-1.05561733010781e-05,1.8297430694314e-05
19.8904109589041,4 h,Dox-only,-2.30448550410543e-05,-6.77617020340906e-05,1.2509101726572e-07
19.8904109589041,4 h,Tam-only,-4.49713734434522e-06,-2.00597889116182e-05,6.44922118062659e-06
19.9315068493151,24 h,Dox-only,-1.98542741807423e-06,-2.34805823759481e-05,2.05481834963931e-05
19.9315068493151,24 h,Tam-only,2.0637527001246e-06,-8.85773530555542e-06,1.74873856688267e-05
19.9315068493151,4 h,Dox-only,-2.32574537659931e-05,-6.86789954912375e-05,9.72187361793938e-08
19.9315068493151,4 h,Tam-only,-4.67795803813049e-06,-1.97204755076701e-05,5.58783989642664e-06
19.972602739726,24 h,Dox-only,-9.54560338808093e-07,-1.91991729416549e-05,1.8991192442285e-05
19.972602739726,24 h,Tam-only,2.07371836993698e-06,-7.29179092124181e-06,1.5579278782277e-05
19.972602739726,4 h,Dox-only,-2.31829289349803e-05,-6.87039528153457e-05,7.46040156323566e-08
19.972602739726,4 h,Tam-only,-4.7092075733395e-06,-1.90078882866783e-05,4.78784853738791e-06
20.013698630137,24 h,Dox-only,-3.57523066297066e-07,-1.54977118868282e-05,1.67543906319088e-05
20.013698630137,24 h,Tam-only,1.8579826045854e-06,-5.92941901006219e-06,1.32056261231927e-05
20.013698630137,4 h,Dox-only,-2.2790558526497e-05,-6.77145670715311e-05,5.65860295369052e-08
20.013698630137,4 h,Tam-only,-4.58726572587666e-06,-1.78975089280443e-05,4.06125937315466e-06
20.0547945205479,24 h,Dox-only,-1.59548996839013e-07,-1.24293965103243e-05,1.39015442060121e-05
20.0547945205479,24 h,Tam-only,1.4371838225216e-06,-4.76674861178108e-06,1.04353915676084e-05
20.0547945205479,4 h,Dox-only,-2.20556319590116e-05,-6.56865278425373e-05,4.24706755891425e-08
20.0547945205479,4 h,Tam-only,-4.31266680135674e-06,-1.63892591916395e-05,3.40527902999262e-06
20.0958904109589,24 h,Dox-only,-3.59911749046116e-07,-9.9297878344034e-06,1.04136874112493e-05
20.0958904109589,24 h,Tam-only,8.5358201982944e-07,-3.78583030986566e-06,7.37598300156374e-06
20.0958904109589,4 h,Dox-only,-2.09607273336108e-05,-6.25172768469874e-05,3.17211357407401e-08
20.0958904109589,4 h,Tam-only,-3.89018712573535e-06,-1.45483907507962e-05,2.82532426051065e-06
20.1369863013699,24 h,Dox-only,-8.61367187392922e-07,-8.01168429238077e-06,6.44824275511831e-06
20.1369863013699,24 h,Tam-only,1.6196880814549e-07,-3.06340650355599e-06,4.24859864575349e-06
20.1369863013699,4 h,Dox-only,-1.94706749766542e-05,-5.82431573169487e-05,2.38111589067672e-08
20.1369863013699,4 h,Tam-only,-3.33188947241004e-06,-1.23598023621513e-05,2.33161201344349e-06
20.1780821917808,24 h,Dox-only,-1.58714916492143e-06,-6.64526440618435e-06,2.49319087859044e-06
20.1780821917808,24 h,Tam-only,-6.14081095761397e-07,-2.55429215589793e-06,1.04944400261843e-06
20.1780821917808,4 h,Dox-only,-1.75775675525787e-05,-5.27025204465292e-05,1.78121251639513e-08
20.1780821917808,4 h,Tam-only,-2.63137013771185e-06,-9.82473678449412e-06,1.90760409237021e-06
20.2191780821918,24 h,Dox-only,-2.48062778234303e-06,-6.12186566435619e-06,-9.56026259057987e-09
20.2191780821918,24 h,Tam-only,-1.46818769224052e-06,-3.44077323135024e-06,-1.65242711459012e-09
20.2191780821918,4 h,Dox-only,-1.534577431772e-05,-4.60466013130916e-05,1.29546858251071e-08
20.2191780821918,4 h,Tam-only,-1.83316944552514e-06,-7.06649365312967e-06,1.54342632003871e-06
20.2602739726027,24 h,Dox-only,-3.48566018969389e-06,-8.51223573070028e-06,-6.42528894916492e-09
20.2602739726027,24 h,Tam-only,-2.39955203769907e-06,-6.64742236389706e-06,-9.91971243432572e-10
20.2602739726027,4 h,Dox-only,-1.28073753315161e-05,-3.84688533761819e-05,9.31697368377522e-09
20.2602739726027,4 h,Tam-only,-9.59487677359259e-07,-4.10773841046938e-06,1.23548336904939e-06
20.3013698630137,24 h,Dox-only,-4.5479026239765e-06,-1.2302121857154e-05,-4.26834015934096e-09
20.3013698630137,24 h,Tam-only,-3.32517160483579e-06,-9.5351911954521e-06,-5.39292485462374e-10
20.3013698630137,4 h,Dox-only,-1.0004073838813e-05,-3.0050497968273e-05,6.6235036533576e-09
20.3013698630137,4 h,Tam-only,-3.43476801849962e-08,-1.01878505237856e-06,9.83288425550836e-07
20.3424657534247,24 h,Dox-only,-5.61605283715857e-06,-1.58749463665256e-05,-2.78530997934982e-09
20.3424657534247,24 h,Tam-only,-4.21017996584992e-06,-1.23037406767285e-05,-2.82659846839145e-10
20.3424657534247,4 h,Dox-only,-6.98627344856723e-06,-2.09702457013292e-05,4.66381809409985e-09
20.3424657534247,4 h,Tam-only,9.1708482446919e-07,1.61374239819977e-10,2.51092049528221e-06
20.3835616438356,24 h,Dox-only,-6.63960188726259e-06,-1.92688249417496e-05,-1.8104025109359e-09
20.3835616438356,24 h,Tam-only,-4.9871304810084e-06,-1.4855676087948e-05,-1.74867762575371e-10
20.3835616438356,4 h,Dox-only,-3.81195104916732e-06,-1.14457091769286e-05,3.25292533492369e-09
20.3835616438356,4 h,Tam-only,1.86920396403212e-06,9.97562716857595e-11,5.41425699443328e-06
20.4246575342466,24 h,Dox-only,-7.55211518741944e-06,-2.22247894551022e-05,-1.18511399752833e-09
20.4246575342466,24 h,Tam-only,-5.63964416741686e-06,-1.69818387066856e-05,-1.08924720374565e-10
20.4246575342466,4 h,Dox-only,-5.71545169968792e-07,-1.69666541973004e-06,2.31315401690849e-09
20.4246575342466,4 h,Tam-only,2.77001622625571e-06,6.16499397706917e-11,8.22991971573317e-06
20.4657534246575,24 h,Dox-only,-8.33731513365551e-06,-2.47283597160204e-05,-7.68131199762428e-10
20.4657534246575,24 h,Tam-only,-6.19147837391109e-06,-1.86660843425524e-05,-7.12437509484593e-11
20.4657534246575,4 h,Dox-only,2.68953213677734e-06,-2.28766773036738e-07,8.46229971617185e-06
20.4657534246575,4 h,Tam-only,3.63152178795589e-06,3.86933393982942e-11,1.08247975648453e-05
20.5068493150685,24 h,Dox-only,-8.973903099718e-06,-2.67472978879677e-05,-4.91565082614381e-10
20.5068493150685,24 h,Tam-only,-6.64284856417492e-06,-2.00195598326262e-05,-4.2432928876253e-11
20.5068493150685,4 h,Dox-only,5.87040441099384e-06,-1.71099496509173e-07,1.80050997871441e-05
20.5068493150685,4 h,Tam-only,4.41497609244093e-06,2.38768184242804e-11,1.32116886232261e-05
20.5479452054795,24 h,Dox-only,-9.44766535005077e-06,-2.82773021704578e-05,-3.10059363257746e-10
20.5479452054795,24 h,Tam-only,-6.97896356512097e-06,-2.10285938696391e-05,-2.45914370644641e-11
20.5479452054795,4 h,Dox-only,8.9047225589214e-06,-1.26601720729009e-07,2.71285397413637e-05
20.5479452054795,4 h,Tam-only,5.10388124532423e-06,1.45008850126745e-11,1.53196559277848e-05
20.5890410958904,24 h,Dox-only,-9.75125749160146e-06,-2.92416070283408e-05,-1.92803151674284e-10
20.5890410958904,24 h,Tam-only,-7.17370211420871e-06,-2.16239216078722e-05,-9.39950196492122e-12
20.5890410958904,4 h,Dox-only,1.17308721747711e-05,-9.26456930528956e-08,3.56509991334444e-05
20.5890410958904,4 h,Tam-only,5.68520764436278e-06,8.6710688805671e-12,1.70876245689827e-05
20.6301369863014,24 h,Dox-only,-9.88385730270428e-06,-2.97092040755991e-05,-1.18087019158267e-10
20.6301369863014,24 h,Tam-only,-7.2304980075265e-06,-2.18117026242386e-05,-1.55894170042785e-12
20.6301369863014,4 h,Dox-only,1.42935463991567e-05,-6.69808641175711e-08,4.33695542253049e-05
20.6301369863014,4 h,Tam-only,6.14959694775722e-06,5.10943878537959e-12,1.84919486909865e-05
20.6712328767123,24 h,Dox-only,-9.83467160577943e-06,-2.96435340798362e-05,-7.20245349200922e-11
20.6712328767123,24 h,Tam-only,-7.15386799834278e-06,-2.15903181631343e-05,-1.06602741930204e-13
20.6712328767123,4 h,Dox-only,1.65451749161203e-05,-4.78080398542942e-08,5.01395833999568e-05
20.6712328767123,4 h,Tam-only,6.49147732355258e-06,2.96851347492452e-12,1.95360196385927e-05
20.7123287671233,24 h,Dox-only,-9.62197649134681e-06,-2.90406562316355e-05,-4.47266126916946e-11
20.7123287671233,24 h,Tam-only,-6.97260056711085e-06,-2.10167459648211e-05,-3.58262800484133e-13
20.7123287671233,4 h,Dox-only,1.83776768061241e-05,-3.36771553715165e-08,5.58480794121822e-05
20.7123287671233,4 h,Tam-only,6.69047056369729e-06,1.74924029792974e-12,2.01765283151365e-05
20.7534246575342,24 h,Dox-only,-9.28006667112008e-06,-2.79777328657638e-05,-2.73116421771645e-11
20.7534246575342,24 h,Tam-only,-6.70999114501667e-06,-2.01817330076859e-05,-5.30236824911203e-13
20.7534246575342,4 h,Dox-only,1.98244035110868e-05,-2.33482247836996e-08,6.01811577622455e-05
20.7534246575342,4 h,Tam-only,6.76849156140904e-06,1.03870692632734e-12,2.04116224137266e-05
20.7945205479452,24 h,Dox-only,-8.82879035125562e-06,-2.65991482558232e-05,-1.63755245847066e-11
20.7945205479452,24 h,Tam-only,-6.36537583561214e-06,-1.91701469211497e-05,-1.50324416237901e-13
20.7945205479452,4 h,Dox-only,2.08810559526062e-05,-1.64636144573742e-08,6.33242723484632e-05
20.7945205479452,4 h,Tam-only,6.73524489699751e-06,6.05254409585389e-13,2.03022683060638e-05
20.8356164383562,24 h,Dox-only,-8.28922420111401e-06,-2.49597803172299e-05,-9.63811240117531e-12
20.8356164383562,24 h,Tam-only,-5.93997292644512e-06,-1.79252477643785e-05,3.38741617632127e-16
20.8356164383562,4 h,Dox-only,2.15506400388158e-05,-1.14497695509091e-08,6.52878057405546e-05
20.8356164383562,4 h,Tam-only,6.60084750337206e-06,3.46428950621231e-13,1.98987760375101e-05
20.8767123287671,24 h,Dox-only,-7.68290051412747e-06,-2.31267727806681e-05,-5.59936774133642e-12
20.8767123287671,24 h,Tam-only,-5.46758568588973e-06,-1.65082148592229e-05,1.4619049857277e-13
20.8767123287671,4 h,Dox-only,2.18456159469191e-05,-7.86277295196557e-09,6.61169206030125e-05
20.8767123287671,4 h,Tam-only,6.37725981648341e-06,1.94830369196918e-13,1.92166469453711e-05
20.9178082191781,24 h,Dox-only,-7.03108787411817e-06,-2.11702062981821e-05,-3.19525984410189e-12
20.9178082191781,24 h,Tam-only,-4.96594272198016e-06,-1.50110347180447e-05,2.01523765642809e-13
20.9178082191781,4 h,Dox-only,2.1787036783069e-05,-5.33361451133066e-09,6.5866014013503e-05
20.9178082191781,4 h,Tam-only,6.0778008484032e-06,1.07787505323807e-13,1.83082955513169e-05
20.958904109589,24 h,Dox-only,-6.34911257300724e-06,-1.91566077162406e-05,-1.80369074478785e-12
20.958904109589,24 h,Tam-only,-4.46684678642015e-06,-1.35816177494985e-05,1.60070148180758e-13
20.958904109589,4 h,Dox-only,2.14029565717704e-05,-3.57010280804945e-09,6.46435145375919e-05
20.958904109589,4 h,Tam-only,5.71666020358386e-06,5.86905387082849e-14,1.72189542267515e-05
21,24 h,Dox-only,-5.67105130236304e-06,-1.71340096285775e-05,-1.05496681486811e-12
21,24 h,Tam-only,-3.99535203209661e-06,-1.21758842382371e-05,8.35423923881454e-14
21,4 h,Dox-only,2.06979820390098e-05,-2.34630657615068e-09,6.25291485364386e-05
21,4 h,Tam-only,5.31506409642669e-06,3.27237594622479e-14,1.60134110450139e-05
