method1	method2	inter	union	value	kind
DESeq2	DESeq2	1518	1518	1	All
DESeq2	edgeR	1440	1905	0.7559055118110236	All
DESeq2	limma/voom	1472	2000	0.736	All
DESeq2	RankProd	2	1519	0.0013166556945358788	All
DESeq2	PenDA	1421	2027	0.7010360138135175	All
DESeq2	RankCompV3	777	1798	0.432146829810901	All
edgeR	DESeq2	1440	1905	0.7559055118110236	All
edgeR	edgeR	1827	1827	1	All
edgeR	limma/voom	1632	2149	0.7594229874360168	All
edgeR	RankProd	2	1828	0.0010940919037199124	All
edgeR	PenDA	1776	1981	0.8965169106511862	All
edgeR	RankCompV3	780	2104	0.37072243346007605	All
limma/voom	DESeq2	1472	2000	0.736	All
limma/voom	edgeR	1632	2149	0.7594229874360168	All
limma/voom	limma/voom	1954	1954	1	All
limma/voom	RankProd	3	1954	0.0015353121801432957	All
limma/voom	PenDA	1612	2272	0.7095070422535211	All
limma/voom	RankCompV3	796	2215	0.3593679458239278	All
RankProd	DESeq2	2	1519	0.0013166556945358788	All
RankProd	edgeR	2	1828	0.0010940919037199124	All
RankProd	limma/voom	3	1954	0.0015353121801432957	All
RankProd	RankProd	3	3	1	All
RankProd	PenDA	2	1931	0.0010357327809425167	All
RankProd	RankCompV3	1	1059	9.442870632672333e-4	All
PenDA	DESeq2	1421	2027	0.7010360138135175	All
PenDA	edgeR	1776	1981	0.8965169106511862	All
PenDA	limma/voom	1612	2272	0.7095070422535211	All
PenDA	RankProd	2	1931	0.0010357327809425167	All
PenDA	PenDA	1930	1930	1	All
PenDA	RankCompV3	773	2214	0.34914182475158084	All
RankCompV3	DESeq2	777	1798	0.432146829810901	All
RankCompV3	edgeR	780	2104	0.37072243346007605	All
RankCompV3	limma/voom	796	2215	0.3593679458239278	All
RankCompV3	RankProd	1	1059	9.442870632672333e-4	All
RankCompV3	PenDA	773	2214	0.34914182475158084	All
RankCompV3	RankCompV3	1057	1057	1	All
DESeq2	DESeq2	1167	1167	1	Up
DESeq2	edgeR	1134	1505	0.7534883720930232	Up
DESeq2	limma/voom	1121	1520	0.7375	Up
DESeq2	RankProd	1	1167	8.56898029134533e-4	Up
DESeq2	PenDA	1123	1585	0.7085173501577287	Up
DESeq2	RankCompV3	584	1353	0.43163340724316335	Up
edgeR	DESeq2	1134	1505	0.7534883720930232	Up
edgeR	edgeR	1472	1472	1	Up
edgeR	limma/voom	1284	1662	0.7725631768953068	Up
edgeR	RankProd	1	1472	6.793478260869565e-4	Up
edgeR	PenDA	1431	1582	0.904551201011378	Up
edgeR	RankCompV3	600	1642	0.3654080389768575	Up
limma/voom	DESeq2	1121	1520	0.7375	Up
limma/voom	edgeR	1284	1662	0.7725631768953068	Up
limma/voom	limma/voom	1474	1474	1	Up
limma/voom	RankProd	1	1474	6.784260515603799e-4	Up
limma/voom	PenDA	1269	1746	0.7268041237113402	Up
limma/voom	RankCompV3	562	1682	0.3341260404280618	Up
RankProd	DESeq2	1	1167	8.56898029134533e-4	Up
RankProd	edgeR	1	1472	6.793478260869565e-4	Up
RankProd	limma/voom	1	1474	6.784260515603799e-4	Up
RankProd	RankProd	1	1	1	Up
RankProd	PenDA	1	1541	6.489292667099286e-4	Up
RankProd	RankCompV3	1	770	0.0012987012987012987	Up
PenDA	DESeq2	1123	1585	0.7085173501577287	Up
PenDA	edgeR	1431	1582	0.904551201011378	Up
PenDA	limma/voom	1269	1746	0.7268041237113402	Up
PenDA	RankProd	1	1541	6.489292667099286e-4	Up
PenDA	PenDA	1541	1541	1	Up
PenDA	RankCompV3	594	1717	0.3459522422830518	Up
RankCompV3	DESeq2	584	1353	0.43163340724316335	Up
RankCompV3	edgeR	600	1642	0.3654080389768575	Up
RankCompV3	limma/voom	562	1682	0.3341260404280618	Up
RankCompV3	RankProd	1	770	0.0012987012987012987	Up
RankCompV3	PenDA	594	1717	0.3459522422830518	Up
RankCompV3	RankCompV3	770	770	1	Up
DESeq2	DESeq2	351	351	1	Down
DESeq2	edgeR	306	400	0.765	Down
DESeq2	limma/voom	351	480	0.73125	Down
DESeq2	RankProd	1	352	0.002840909090909091	Down
DESeq2	PenDA	298	442	0.6742081447963801	Down
DESeq2	RankCompV3	193	445	0.4337078651685393	Down
edgeR	DESeq2	306	400	0.765	Down
edgeR	edgeR	355	355	1	Down
edgeR	limma/voom	348	487	0.7145790554414785	Down
edgeR	RankProd	1	356	0.0028089887640449437	Down
edgeR	PenDA	345	399	0.8646616541353384	Down
edgeR	RankCompV3	180	462	0.38961038961038963	Down
limma/voom	DESeq2	351	480	0.73125	Down
limma/voom	edgeR	348	487	0.7145790554414785	Down
limma/voom	limma/voom	480	480	1	Down
limma/voom	RankProd	2	480	0.004166666666666667	Down
limma/voom	PenDA	343	526	0.6520912547528517	Down
limma/voom	RankCompV3	234	533	0.43902439024390244	Down
RankProd	DESeq2	1	352	0.002840909090909091	Down
RankProd	edgeR	1	356	0.0028089887640449437	Down
RankProd	limma/voom	2	480	0.004166666666666667	Down
RankProd	RankProd	2	2	1	Down
RankProd	PenDA	1	390	0.002564102564102564	Down
RankProd	RankCompV3	0	289	0	Down
PenDA	DESeq2	298	442	0.6742081447963801	Down
PenDA	edgeR	345	399	0.8646616541353384	Down
PenDA	limma/voom	343	526	0.6520912547528517	Down
PenDA	RankProd	1	390	0.002564102564102564	Down
PenDA	PenDA	389	389	1	Down
PenDA	RankCompV3	179	497	0.36016096579476864	Down
RankCompV3	DESeq2	193	445	0.4337078651685393	Down
RankCompV3	edgeR	180	462	0.38961038961038963	Down
RankCompV3	limma/voom	234	533	0.43902439024390244	Down
RankCompV3	RankProd	0	289	0	Down
RankCompV3	PenDA	179	497	0.36016096579476864	Down
RankCompV3	RankCompV3	287	287	1	Down
