contrast,time_point,model,n_genes,beta_expr,beta_expr_CI_low,beta_expr_CI_high,gamma_length,gamma_length_CI_low,gamma_length_CI_high,spearman_expr_length,p_value_or_bootstrap_p,length_adjusted_head_effect,head_effect_CI_low,head_effect_CI_high
DT_H_CPT_vs_D_H_CPT_24h,24,A_spearman_baseline_expression_vs_log10_length,14109,NA,NA,NA,NA,NA,NA,0.18158830045740515,NA,NA,NA,NA
DT_H_CPT_vs_D_H_CPT_4h,4,A_spearman_baseline_expression_vs_log10_length,13173,NA,NA,NA,NA,NA,NA,0.08354818672851438,NA,NA,NA,NA
DT_vs_D_24h,24,A_spearman_baseline_expression_vs_log10_length,13373,NA,NA,NA,NA,NA,NA,0.2100004568120035,NA,NA,NA,NA
DT_vs_D_4h,4,A_spearman_baseline_expression_vs_log10_length,12863,NA,NA,NA,NA,NA,NA,0.14045026869523278,NA,NA,NA,NA
DT_H_CPT_vs_D_H_CPT_24h,24,B_unadjusted_amplifier_slope,14109,-0.014373407705824274,-0.018641338555092122,-0.010041054692159077,NA,NA,NA,NA,0,NA,NA,NA
DT_H_CPT_vs_D_H_CPT_4h,4,B_unadjusted_amplifier_slope,13173,-0.023906115099469924,-0.026052694364418857,-0.021916788768087787,NA,NA,NA,NA,0,NA,NA,NA
DT_L_CPT_vs_D_L_CPT_24h,24,B_unadjusted_amplifier_slope,13628,-0.07471140712345586,-0.07924587719671056,-0.07026393326609072,NA,NA,NA,NA,0,NA,NA,NA
DT_L_CPT_vs_D_L_CPT_4h,4,B_unadjusted_amplifier_slope,12938,-0.009530657580300094,-0.012000844880372454,-0.006999921351771623,NA,NA,NA,NA,0,NA,NA,NA
DT_vs_D_24h,24,B_unadjusted_amplifier_slope,13373,-0.06795566773675746,-0.07134556252122358,-0.06434055022807281,NA,NA,NA,NA,0,NA,NA,NA
DT_vs_D_4h,4,B_unadjusted_amplifier_slope,12863,0.004883755548444693,0.001667910152998481,0.008351135641775923,NA,NA,NA,NA,0,NA,NA,NA
D_H_CPT_vs_D_24h,24,B_unadjusted_amplifier_slope,13805,-0.18060454983563232,-0.18566101280258304,-0.17570623543876937,NA,NA,NA,NA,0,NA,NA,NA
D_H_CPT_vs_D_4h,4,B_unadjusted_amplifier_slope,13261,-0.08000918608899325,-0.09070038467941142,-0.06965283840734429,NA,NA,NA,NA,0,NA,NA,NA
D_L_CPT_vs_D_24h,24,B_unadjusted_amplifier_slope,13398,-0.0762500539021847,-0.08302648683396695,-0.06964098938214995,NA,NA,NA,NA,0,NA,NA,NA
D_L_CPT_vs_D_4h,4,B_unadjusted_amplifier_slope,13020,-0.051759119721972766,-0.0582806148322311,-0.04558594499176413,NA,NA,NA,NA,0,NA,NA,NA
D_vs_Ctrl_24h,24,B_unadjusted_amplifier_slope,13178,-0.004229362365509243,-0.007235915588330141,-0.0012233999971599432,NA,NA,NA,NA,0.01,NA,NA,NA
D_vs_Ctrl_4h,4,B_unadjusted_amplifier_slope,12852,-0.0035886873809286173,-0.005176058593778082,-0.0017789672674042524,NA,NA,NA,NA,0,NA,NA,NA
Tam_vs_Ctrl_24h,24,B_unadjusted_amplifier_slope,13089,0.021309849772344035,0.018755813707548204,0.023807937433157983,NA,NA,NA,NA,0,NA,NA,NA
Tam_vs_Ctrl_4h,4,B_unadjusted_amplifier_slope,12853,-0.005291699760998892,-0.007204872598112195,-0.003600516931057954,NA,NA,NA,NA,0,NA,NA,NA
DT_H_CPT_vs_D_H_CPT_24h,24,B_length_adjusted_amplifier_slope,14109,-0.025013992983814046,-0.02939557944228298,-0.02082599578603607,0.1835745877490471,0.1684600722069325,0.1975057589470378,NA,0,NA,NA,NA
DT_H_CPT_vs_D_H_CPT_4h,4,B_length_adjusted_amplifier_slope,13173,-0.025226167231085585,-0.02717665690652539,-0.023126907974538112,0.07789093647621333,0.07064150639819398,0.08557373602588794,NA,0,NA,NA,NA
DT_L_CPT_vs_D_L_CPT_24h,24,B_length_adjusted_amplifier_slope,13628,-0.08010681877542145,-0.08454324754907552,-0.07534337802707139,0.1583430588058843,0.1419546771606306,0.17522343991451128,NA,0,NA,NA,NA
DT_L_CPT_vs_D_L_CPT_4h,4,B_length_adjusted_amplifier_slope,12938,-0.008947645764011258,-0.011726576674273487,-0.006279747962915723,0.08452606948471345,0.07608279623509717,0.0929450026269172,NA,0,NA,NA,NA
DT_vs_D_24h,24,B_length_adjusted_amplifier_slope,13373,-0.0692700807450521,-0.07248911177308807,-0.06606309006155474,0.02676755171209656,0.015503992966174905,0.03741951000326615,NA,0,NA,NA,NA
DT_vs_D_4h,4,B_length_adjusted_amplifier_slope,12863,0.002267151026645722,-9.777197319377575e-4,0.005675238091061973,0.06932716006005143,0.05870664748865018,0.08013145464148183,NA,0.192,NA,NA,NA
D_H_CPT_vs_D_24h,24,B_length_adjusted_amplifier_slope,13805,-0.17337090170584687,-0.17862760665316624,-0.16774318351988476,-0.11926719100530797,-0.1390913690272471,-0.09958326914126583,NA,0,NA,NA,NA
D_H_CPT_vs_D_4h,4,B_length_adjusted_amplifier_slope,13261,-0.06339960906345694,-0.07282560718324059,-0.05377889145250605,-0.4179291485320308,-0.44841260437068325,-0.38886339319836055,NA,0,NA,NA,NA
D_L_CPT_vs_D_24h,24,B_length_adjusted_amplifier_slope,13398,-0.05818537818416553,-0.06474628437678695,-0.05145145125060202,-0.31504260764236663,-0.3382113923442147,-0.2918298324870555,NA,0,NA,NA,NA
D_L_CPT_vs_D_4h,4,B_length_adjusted_amplifier_slope,13020,-0.02562774542215111,-0.031106874826457343,-0.02001793783396172,-0.6942081707659638,-0.719022284955561,-0.6691901785296105,NA,0,NA,NA,NA
D_vs_Ctrl_24h,24,B_length_adjusted_amplifier_slope,13178,-0.006753986091055458,-0.009918803173116676,-0.003673086189263293,0.050111781317301214,0.040605000076597515,0.059522104008454924,NA,0,NA,NA,NA
D_vs_Ctrl_4h,4,B_length_adjusted_amplifier_slope,12852,-4.5574247494812106e-4,-0.0021397458984167956,0.0011900496512415129,-0.09335774684355208,-0.09862991908264604,-0.0879076842735673,NA,0.576,NA,NA,NA
Tam_vs_Ctrl_24h,24,B_length_adjusted_amplifier_slope,13089,0.02043781112309946,0.01802483821604191,0.023151957458740522,0.0167908275568025,0.008919197664048584,0.024030181654910512,NA,0,NA,NA,NA
Tam_vs_Ctrl_4h,4,B_length_adjusted_amplifier_slope,12853,-0.003674427178179787,-0.005481810023804339,-0.0019786639390125147,-0.04157578701966732,-0.04719177808771359,-0.036323752277967546,NA,0,NA,NA,NA
DT_H_CPT_vs_D_H_CPT_24h,24,C_length_stratum_Short,4910,-0.047994720835511574,-0.055337458717080915,-0.04071751780740128,NA,NA,NA,NA,0,NA,NA,NA
DT_H_CPT_vs_D_H_CPT_24h,24,C_length_stratum_Medium,4590,-0.013176090134074137,-0.021298542341262265,-0.004992713096729102,NA,NA,NA,NA,0.004,NA,NA,NA
DT_H_CPT_vs_D_H_CPT_24h,24,C_length_stratum_Long,4609,0.00997732675627,0.003113610109973873,0.017371566286101005,NA,NA,NA,NA,0.004,NA,NA,NA
DT_L_CPT_vs_D_L_CPT_24h,24,C_length_stratum_Short,4611,-0.0773014607064341,-0.08388937113438094,-0.07118735144746845,NA,NA,NA,NA,0,NA,NA,NA
DT_L_CPT_vs_D_L_CPT_24h,24,C_length_stratum_Medium,4511,-0.06674718073082309,-0.07501951859628869,-0.058754334223779764,NA,NA,NA,NA,0,NA,NA,NA
DT_L_CPT_vs_D_L_CPT_24h,24,C_length_stratum_Long,4506,-0.08277444791450367,-0.09269492622242559,-0.07215128811560546,NA,NA,NA,NA,0,NA,NA,NA
DT_vs_D_24h,24,C_length_stratum_Short,4484,-0.0813449454238689,-0.08627695580834965,-0.07588217698707725,NA,NA,NA,NA,0,NA,NA,NA
DT_vs_D_24h,24,C_length_stratum_Medium,4432,-0.06481583817193694,-0.07111288104977863,-0.058680390255285625,NA,NA,NA,NA,0,NA,NA,NA
DT_vs_D_24h,24,C_length_stratum_Long,4457,-0.0536146027549436,-0.06019219020199659,-0.046965422641474255,NA,NA,NA,NA,0,NA,NA,NA
DT_vs_D_4h,4,C_length_stratum_Short,4155,0.00280571835999857,-0.002665316951544115,0.007849706143236155,NA,NA,NA,NA,0.294,NA,NA,NA
DT_vs_D_4h,4,C_length_stratum_Medium,4341,-0.001913668438594326,-0.007917421303173872,0.004474368972064314,NA,NA,NA,NA,0.506,NA,NA,NA
DT_vs_D_4h,4,C_length_stratum_Long,4367,0.006197482365514592,6.629209814527234e-5,0.012769434914774048,NA,NA,NA,NA,0.048,NA,NA,NA
D_H_CPT_vs_D_24h,24,C_length_stratum_Short,4728,-0.1716194739700738,-0.17992165139874436,-0.16326417209697056,NA,NA,NA,NA,0,NA,NA,NA
D_H_CPT_vs_D_24h,24,C_length_stratum_Medium,4524,-0.18465542843993774,-0.19468301654428433,-0.17347749288911313,NA,NA,NA,NA,0,NA,NA,NA
D_H_CPT_vs_D_24h,24,C_length_stratum_Long,4553,-0.16874776214908274,-0.1786129851547479,-0.15837250197996108,NA,NA,NA,NA,0,NA,NA,NA
DT_vs_D_24h,24,D_length_adjusted_head_effect_on_inter_method_spread,17165,NA,NA,NA,0.02204312236037881,0.013895023134348037,0.03030014703220983,NA,0,0.2504989171403329,0.2208754649875455,0.2786496886588352
DT_vs_D_4h,4,D_length_adjusted_head_effect_on_inter_method_spread,17165,NA,NA,NA,0.03612984301007782,0.028250875258791983,0.04391022778088374,NA,0,0.09540017477537523,0.07133643867954265,0.11915394918482712
