Cluster,Description,score,FDR,Count,TermLabel,Dominant,ModuleLabel
M1,HALLMARK_MYC_TARGETS_V1,4.434527454085802e-8,0.9999998978912371,4,MYC Targets V1,Mitotic Spindle,M1 - Mitotic Spindle
M1,HALLMARK_E2F_TARGETS,5.017286626108124,9.609778419279156e-6,46,E2F Targets,Mitotic Spindle,M1 - Mitotic Spindle
M1,HALLMARK_G2M_CHECKPOINT,6.8780928339082505,1.3240584768862567e-7,50,G2M Checkpoint,Mitotic Spindle,M1 - Mitotic Spindle
M1,HALLMARK_GLYCOLYSIS,4.434527454085802e-8,0.9999998978912371,10,Glycolysis,Mitotic Spindle,M1 - Mitotic Spindle
M1,HALLMARK_OXIDATIVE_PHOSPHORYLATION,4.434527454085802e-8,0.9999998978912371,4,"Oxidative
Phosphorylation",Mitotic Spindle,M1 - Mitotic Spindle
M1,REACTOME_MITOCHONDRIAL_TRANSLATION,4.434527454085802e-8,0.9999998978912371,1,"Mitochondrial
Translation",Mitotic Spindle,M1 - Mitotic Spindle
M1,HALLMARK_DNA_REPAIR,4.434527454085802e-8,0.9999998978912371,17,DNA Repair,Mitotic Spindle,M1 - Mitotic Spindle
M1,REACTOME_ACTIVATION_OF_ATR_IN_RESPONSE_TO_REPLICATION_STRESS,4.434527454085802e-8,0.9999998978912371,4,"Activation Of
ATR In Response
To Replic...",Mitotic Spindle,M1 - Mitotic Spindle
M1,HALLMARK_P53_PATHWAY,4.434527454085802e-8,0.9999998978912371,17,P53 Pathway,Mitotic Spindle,M1 - Mitotic Spindle
M1,HALLMARK_REACTIVE_OXYGEN_SPECIES_PATHWAY,4.434527454085802e-8,0.9999998978912371,3,"Reactive Oxygen
Species Pathway",Mitotic Spindle,M1 - Mitotic Spindle
M2,HALLMARK_MYC_TARGETS_V1,1.8147389295205495e-11,0.9999999999582141,20,MYC Targets V1,Mitochondrial Translation,M2 - Mitochondrial Translation
M2,HALLMARK_E2F_TARGETS,1.8147389295205495e-11,0.9999999999582141,23,E2F Targets,Mitochondrial Translation,M2 - Mitochondrial Translation
M2,HALLMARK_G2M_CHECKPOINT,1.8147389295205495e-11,0.9999999999582141,13,G2M Checkpoint,Mitochondrial Translation,M2 - Mitochondrial Translation
M2,HALLMARK_GLYCOLYSIS,1.8147389295205495e-11,0.9999999999582141,33,Glycolysis,Mitochondrial Translation,M2 - Mitochondrial Translation
M2,HALLMARK_OXIDATIVE_PHOSPHORYLATION,4.605080196617806,2.4826746134206126e-5,65,"Oxidative
Phosphorylation",Mitochondrial Translation,M2 - Mitochondrial Translation
M2,REACTOME_MITOCHONDRIAL_TRANSLATION,18.113129364964465,7.706738712860907e-19,58,"Mitochondrial
Translation",Mitochondrial Translation,M2 - Mitochondrial Translation
M2,HALLMARK_DNA_REPAIR,1.5203875056363731,0.030172583258699967,41,DNA Repair,Mitochondrial Translation,M2 - Mitochondrial Translation
M2,REACTOME_ACTIVATION_OF_ATR_IN_RESPONSE_TO_REPLICATION_STRESS,1.8147389295205495e-11,0.9999999999582141,5,"Activation Of
ATR In Response
To Replic...",Mitochondrial Translation,M2 - Mitochondrial Translation
M2,HALLMARK_P53_PATHWAY,0.04322229728826989,0.9052691126684809,38,P53 Pathway,Mitochondrial Translation,M2 - Mitochondrial Translation
M2,HALLMARK_REACTIVE_OXYGEN_SPECIES_PATHWAY,1.8147389295205495e-11,0.9999999999582141,9,"Reactive Oxygen
Species Pathway",Mitochondrial Translation,M2 - Mitochondrial Translation
M3,HALLMARK_MYC_TARGETS_V1,0,NA,0,MYC Targets V1,Kras Signaling Dn,M3 - Kras Signaling Dn
M3,HALLMARK_E2F_TARGETS,0,NA,0,E2F Targets,Kras Signaling Dn,M3 - Kras Signaling Dn
M3,HALLMARK_G2M_CHECKPOINT,2.7393632353719932e-8,0.9999999369238325,2,G2M Checkpoint,Kras Signaling Dn,M3 - Kras Signaling Dn
M3,HALLMARK_GLYCOLYSIS,2.7393632353719932e-8,0.9999999369238325,9,Glycolysis,Kras Signaling Dn,M3 - Kras Signaling Dn
M3,HALLMARK_OXIDATIVE_PHOSPHORYLATION,2.7393632353719932e-8,0.9999999369238325,1,"Oxidative
Phosphorylation",Kras Signaling Dn,M3 - Kras Signaling Dn
M3,REACTOME_MITOCHONDRIAL_TRANSLATION,0,NA,0,"Mitochondrial
Translation",Kras Signaling Dn,M3 - Kras Signaling Dn
M3,HALLMARK_DNA_REPAIR,2.7393632353719932e-8,0.9999999369238325,2,DNA Repair,Kras Signaling Dn,M3 - Kras Signaling Dn
M3,REACTOME_ACTIVATION_OF_ATR_IN_RESPONSE_TO_REPLICATION_STRESS,2.7393632353719932e-8,0.9999999369238325,1,"Activation Of
ATR In Response
To Replic...",Kras Signaling Dn,M3 - Kras Signaling Dn
M3,HALLMARK_P53_PATHWAY,2.7393632353719932e-8,0.9999999369238325,9,P53 Pathway,Kras Signaling Dn,M3 - Kras Signaling Dn
M3,HALLMARK_REACTIVE_OXYGEN_SPECIES_PATHWAY,2.7393632353719932e-8,0.9999999369238325,4,"Reactive Oxygen
Species Pathway",Kras Signaling Dn,M3 - Kras Signaling Dn
M4,HALLMARK_MYC_TARGETS_V1,5.903210569373046e-9,0.9999999864073554,6,MYC Targets V1,Activation Of ATR In Response To Replic...,M4 - Activation Of ATR In Resp...
M4,HALLMARK_E2F_TARGETS,0.706719017345508,0.1964630955385673,38,E2F Targets,Activation Of ATR In Response To Replic...,M4 - Activation Of ATR In Resp...
M4,HALLMARK_G2M_CHECKPOINT,5.903210569373046e-9,0.9999999864073554,26,G2M Checkpoint,Activation Of ATR In Response To Replic...,M4 - Activation Of ATR In Resp...
M4,HALLMARK_GLYCOLYSIS,5.903210569373046e-9,0.9999999864073554,19,Glycolysis,Activation Of ATR In Response To Replic...,M4 - Activation Of ATR In Resp...
M4,HALLMARK_OXIDATIVE_PHOSPHORYLATION,5.903210569373046e-9,0.9999999864073554,6,"Oxidative
Phosphorylation",Activation Of ATR In Response To Replic...,M4 - Activation Of ATR In Resp...
M4,REACTOME_MITOCHONDRIAL_TRANSLATION,5.903210569373046e-9,0.9999999864073554,8,"Mitochondrial
Translation",Activation Of ATR In Response To Replic...,M4 - Activation Of ATR In Resp...
M4,HALLMARK_DNA_REPAIR,0.2248464988033839,0.5958727172671758,26,DNA Repair,Activation Of ATR In Response To Replic...,M4 - Activation Of ATR In Resp...
M4,REACTOME_ACTIVATION_OF_ATR_IN_RESPONSE_TO_REPLICATION_STRESS,5.299933990501296,5.012634161111558e-6,19,"Activation Of
ATR In Response
To Replic...",Activation Of ATR In Response To Replic...,M4 - Activation Of ATR In Resp...
M4,HALLMARK_P53_PATHWAY,5.903210569373046e-9,0.9999999864073554,26,P53 Pathway,Activation Of ATR In Response To Replic...,M4 - Activation Of ATR In Resp...
M4,HALLMARK_REACTIVE_OXYGEN_SPECIES_PATHWAY,5.903210569373046e-9,0.9999999864073554,1,"Reactive Oxygen
Species Pathway",Activation Of ATR In Response To Replic...,M4 - Activation Of ATR In Resp...
M5,HALLMARK_MYC_TARGETS_V1,31.214636779027238,6.100468949537034e-32,127,MYC Targets V1,MYC Targets V1,M5 - MYC Targets V1
M5,HALLMARK_E2F_TARGETS,1.3205838986307955e-7,0.9999996959243663,43,E2F Targets,MYC Targets V1,M5 - MYC Targets V1
M5,HALLMARK_G2M_CHECKPOINT,1.3205838986307955e-7,0.9999996959243663,40,G2M Checkpoint,MYC Targets V1,M5 - MYC Targets V1
M5,HALLMARK_GLYCOLYSIS,4.6234762436417745,2.3797084699156037e-5,71,Glycolysis,MYC Targets V1,M5 - MYC Targets V1
M5,HALLMARK_OXIDATIVE_PHOSPHORYLATION,18.277297344910473,5.280835692434938e-19,110,"Oxidative
Phosphorylation",MYC Targets V1,M5 - MYC Targets V1
M5,REACTOME_MITOCHONDRIAL_TRANSLATION,1.3205838986307955e-7,0.9999996959243663,21,"Mitochondrial
Translation",MYC Targets V1,M5 - MYC Targets V1
M5,HALLMARK_DNA_REPAIR,1.3205838986307955e-7,0.9999996959243663,32,DNA Repair,MYC Targets V1,M5 - MYC Targets V1
M5,REACTOME_ACTIVATION_OF_ATR_IN_RESPONSE_TO_REPLICATION_STRESS,1.3205838986307955e-7,0.9999996959243663,1,"Activation Of
ATR In Response
To Replic...",MYC Targets V1,M5 - MYC Targets V1
M5,HALLMARK_P53_PATHWAY,0.647912696176856,0.22495067663184484,57,P53 Pathway,MYC Targets V1,M5 - MYC Targets V1
M5,HALLMARK_REACTIVE_OXYGEN_SPECIES_PATHWAY,2.9637682158296546,0.0010870056067432223,23,"Reactive Oxygen
Species Pathway",MYC Targets V1,M5 - MYC Targets V1
M6,HALLMARK_MYC_TARGETS_V1,1.3875929713769271e-10,0.9999999996804949,37,MYC Targets V1,Mitotic Spindle,M6 - Mitotic Spindle
M6,HALLMARK_E2F_TARGETS,0.4808993922022088,0.3304460826544482,46,E2F Targets,Mitotic Spindle,M6 - Mitotic Spindle
M6,HALLMARK_G2M_CHECKPOINT,2.937953843703336,0.0011535758519643996,59,G2M Checkpoint,Mitotic Spindle,M6 - Mitotic Spindle
M6,HALLMARK_GLYCOLYSIS,1.3875929713769271e-10,0.9999999996804949,27,Glycolysis,Mitotic Spindle,M6 - Mitotic Spindle
M6,HALLMARK_OXIDATIVE_PHOSPHORYLATION,1.3875929713769271e-10,0.9999999996804949,14,"Oxidative
Phosphorylation",Mitotic Spindle,M6 - Mitotic Spindle
M6,REACTOME_MITOCHONDRIAL_TRANSLATION,1.3875929713769271e-10,0.9999999996804949,5,"Mitochondrial
Translation",Mitotic Spindle,M6 - Mitotic Spindle
M6,HALLMARK_DNA_REPAIR,1.3875929713769271e-10,0.9999999996804949,27,DNA Repair,Mitotic Spindle,M6 - Mitotic Spindle
M6,REACTOME_ACTIVATION_OF_ATR_IN_RESPONSE_TO_REPLICATION_STRESS,1.3875929713769271e-10,0.9999999996804949,5,"Activation Of
ATR In Response
To Replic...",Mitotic Spindle,M6 - Mitotic Spindle
M6,HALLMARK_P53_PATHWAY,0.2374402280338693,0.5788416488653951,42,P53 Pathway,Mitotic Spindle,M6 - Mitotic Spindle
M6,HALLMARK_REACTIVE_OXYGEN_SPECIES_PATHWAY,1.3875929713769271e-10,0.9999999996804949,6,"Reactive Oxygen
Species Pathway",Mitotic Spindle,M6 - Mitotic Spindle
M7,HALLMARK_MYC_TARGETS_V1,3.712508378789488e-5,0.9999145199891182,1,MYC Targets V1,Kras Signaling Dn,M7 - Kras Signaling Dn
M7,HALLMARK_E2F_TARGETS,3.712508378789488e-5,0.9999145199891182,1,E2F Targets,Kras Signaling Dn,M7 - Kras Signaling Dn
M7,HALLMARK_G2M_CHECKPOINT,3.712508378789488e-5,0.9999145199891182,4,G2M Checkpoint,Kras Signaling Dn,M7 - Kras Signaling Dn
M7,HALLMARK_GLYCOLYSIS,3.712508378789488e-5,0.9999145199891182,6,Glycolysis,Kras Signaling Dn,M7 - Kras Signaling Dn
M7,HALLMARK_OXIDATIVE_PHOSPHORYLATION,0,NA,0,"Oxidative
Phosphorylation",Kras Signaling Dn,M7 - Kras Signaling Dn
M7,REACTOME_MITOCHONDRIAL_TRANSLATION,0,NA,0,"Mitochondrial
Translation",Kras Signaling Dn,M7 - Kras Signaling Dn
M7,HALLMARK_DNA_REPAIR,3.712508378789488e-5,0.9999145199891182,2,DNA Repair,Kras Signaling Dn,M7 - Kras Signaling Dn
M7,REACTOME_ACTIVATION_OF_ATR_IN_RESPONSE_TO_REPLICATION_STRESS,3.712508378789488e-5,0.9999145199891182,2,"Activation Of
ATR In Response
To Replic...",Kras Signaling Dn,M7 - Kras Signaling Dn
M7,HALLMARK_P53_PATHWAY,3.712508378789488e-5,0.9999145199891182,2,P53 Pathway,Kras Signaling Dn,M7 - Kras Signaling Dn
M7,HALLMARK_REACTIVE_OXYGEN_SPECIES_PATHWAY,0,NA,0,"Reactive Oxygen
Species Pathway",Kras Signaling Dn,M7 - Kras Signaling Dn
