Cluster,Description,score,FDR,Count
M1,HALLMARK_MITOTIC_SPINDLE,16.613716254972594,2.4337936016588338e-17,68
M1,HALLMARK_G2M_CHECKPOINT,6.8780928339082505,1.3240584768862567e-7,50
M1,HALLMARK_E2F_TARGETS,5.017286626108124,9.609778419279156e-6,46
M1,REACTOME_CELL_CYCLE_CHECKPOINTS,2.090422862749608,0.008120394665848294,44
M1,HALLMARK_UV_RESPONSE_DN,1.057784307253576,0.08754184446396913,24
M1,WP_RAS_SIGNALING,0.5632233608760246,0.2733862318989389,24
M1,HALLMARK_ESTROGEN_RESPONSE_EARLY,0.25687734037785953,0.553506416293005,27
M1,HALLMARK_TGF_BETA_SIGNALING,0.25687734037785953,0.553506416293005,10
M1,WP_CELL_CYCLE,0.21155900570872122,0.6143855521330929,18
M1,WP_PYRIMIDINE_METABOLISM,0.14026301547952516,0.7239973632365295,12
M1,HALLMARK_HEDGEHOG_SIGNALING,0.14026301547952516,0.7239973632365295,5
M1,HALLMARK_APICAL_JUNCTION,4.434527454085802e-8,0.9999998978912371,19
M1,HALLMARK_INTERFERON_GAMMA_RESPONSE,4.434527454085802e-8,0.9999998978912371,18
M1,HALLMARK_DNA_REPAIR,4.434527454085802e-8,0.9999998978912371,17
M1,HALLMARK_ESTROGEN_RESPONSE_LATE,4.434527454085802e-8,0.9999998978912371,17
M1,HALLMARK_HEME_METABOLISM,4.434527454085802e-8,0.9999998978912371,17
M1,HALLMARK_P53_PATHWAY,4.434527454085802e-8,0.9999998978912371,17
M1,HALLMARK_IL2_STAT5_SIGNALING,4.434527454085802e-8,0.9999998978912371,15
M1,HALLMARK_INTERFERON_ALPHA_RESPONSE,4.434527454085802e-8,0.9999998978912371,13
M1,HALLMARK_KRAS_SIGNALING_DN,4.434527454085802e-8,0.9999998978912371,13
M1,REACTOME_MRNA_SPLICING,4.434527454085802e-8,0.9999998978912371,13
M1,GOBP_MITOCHONDRIAL_GENE_EXPRESSION,4.434527454085802e-8,0.9999998978912371,12
M1,GOMF_HEAT_SHOCK_PROTEIN_BINDING,4.434527454085802e-8,0.9999998978912371,12
M1,HALLMARK_TNFA_SIGNALING_VIA_NFKB,4.434527454085802e-8,0.9999998978912371,12
M1,HALLMARK_ADIPOGENESIS,4.434527454085802e-8,0.9999998978912371,11
M1,HALLMARK_HYPOXIA,4.434527454085802e-8,0.9999998978912371,11
M1,HALLMARK_PI3K_AKT_MTOR_SIGNALING,4.434527454085802e-8,0.9999998978912371,11
M1,WP_APOPTOSIS,4.434527454085802e-8,0.9999998978912371,11
M1,WP_APOPTOSIS_MODULATION_AND_SIGNALING,4.434527454085802e-8,0.9999998978912371,11
M1,HALLMARK_GLYCOLYSIS,4.434527454085802e-8,0.9999998978912371,10
M1,HALLMARK_KRAS_SIGNALING_UP,4.434527454085802e-8,0.9999998978912371,10
M1,HALLMARK_MTORC1_SIGNALING,4.434527454085802e-8,0.9999998978912371,10
M1,WP_ADIPOGENESIS,4.434527454085802e-8,0.9999998978912371,10
M1,HALLMARK_COMPLEMENT,4.434527454085802e-8,0.9999998978912371,9
M1,HALLMARK_INFLAMMATORY_RESPONSE,4.434527454085802e-8,0.9999998978912371,8
M1,GOBP_MITOCHONDRIAL_TRANSLATION,4.434527454085802e-8,0.9999998978912371,7
M1,GOMF_RNA_ENDONUCLEASE_ACTIVITY,4.434527454085802e-8,0.9999998978912371,7
M1,HALLMARK_APOPTOSIS,4.434527454085802e-8,0.9999998978912371,7
M1,HALLMARK_IL6_JAK_STAT3_SIGNALING,4.434527454085802e-8,0.9999998978912371,7
M1,HALLMARK_UNFOLDED_PROTEIN_RESPONSE,4.434527454085802e-8,0.9999998978912371,7
M1,PID_MYC_ACTIV_PATHWAY,4.434527454085802e-8,0.9999998978912371,7
M1,HALLMARK_MYC_TARGETS_V2,4.434527454085802e-8,0.9999998978912371,6
M1,HALLMARK_PEROXISOME,4.434527454085802e-8,0.9999998978912371,6
M1,HALLMARK_XENOBIOTIC_METABOLISM,4.434527454085802e-8,0.9999998978912371,6
M1,REACTOME_GLUCOSE_METABOLISM,4.434527454085802e-8,0.9999998978912371,6
M1,HALLMARK_ANDROGEN_RESPONSE,4.434527454085802e-8,0.9999998978912371,5
M1,HALLMARK_APICAL_SURFACE,4.434527454085802e-8,0.9999998978912371,5
M1,WP_DNA_REPLICATION,4.434527454085802e-8,0.9999998978912371,5
M1,HALLMARK_FATTY_ACID_METABOLISM,4.434527454085802e-8,0.9999998978912371,4
M1,HALLMARK_MYC_TARGETS_V1,4.434527454085802e-8,0.9999998978912371,4
M1,HALLMARK_NOTCH_SIGNALING,4.434527454085802e-8,0.9999998978912371,4
M1,HALLMARK_OXIDATIVE_PHOSPHORYLATION,4.434527454085802e-8,0.9999998978912371,4
M1,HALLMARK_PROTEIN_SECRETION,4.434527454085802e-8,0.9999998978912371,4
M1,REACTOME_ACTIVATION_OF_ATR_IN_RESPONSE_TO_REPLICATION_STRESS,4.434527454085802e-8,0.9999998978912371,4
M1,HALLMARK_COAGULATION,4.434527454085802e-8,0.9999998978912371,3
M1,HALLMARK_REACTIVE_OXYGEN_SPECIES_PATHWAY,4.434527454085802e-8,0.9999998978912371,3
M1,HALLMARK_WNT_BETA_CATENIN_SIGNALING,4.434527454085802e-8,0.9999998978912371,3
M1,HALLMARK_CHOLESTEROL_HOMEOSTASIS,4.434527454085802e-8,0.9999998978912371,2
M1,HALLMARK_EPITHELIAL_MESENCHYMAL_TRANSITION,4.434527454085802e-8,0.9999998978912371,2
M1,HALLMARK_UV_RESPONSE_UP,4.434527454085802e-8,0.9999998978912371,2
M1,WP_AMINO_ACID_METABOLISM,4.434527454085802e-8,0.9999998978912371,2
M1,GOBP_MITOCHONDRIAL_RESPIRATORY_CHAIN_COMPLEX_ASSEMBLY,4.434527454085802e-8,0.9999998978912371,1
M1,HALLMARK_ANGIOGENESIS,4.434527454085802e-8,0.9999998978912371,1
M1,HALLMARK_PANCREAS_BETA_CELLS,4.434527454085802e-8,0.9999998978912371,1
M1,REACTOME_MITOCHONDRIAL_TRANSLATION,4.434527454085802e-8,0.9999998978912371,1
M1,WP_ELECTRON_TRANSPORT_CHAIN_OXPHOS_SYSTEM_IN_MITOCHONDRIA,4.434527454085802e-8,0.9999998978912371,1
M2,REACTOME_MITOCHONDRIAL_TRANSLATION,18.113129364964465,7.706738712860907e-19,58
M2,GOBP_MITOCHONDRIAL_TRANSLATION,15.452987215579283,3.52381244012804e-16,67
M2,GOBP_MITOCHONDRIAL_GENE_EXPRESSION,14.266367486818444,5.4154245966948455e-15,77
M2,GOBP_MITOCHONDRIAL_RESPIRATORY_CHAIN_COMPLEX_ASSEMBLY,11.589120826131706,2.5756044920794187e-12,50
M2,HALLMARK_OXIDATIVE_PHOSPHORYLATION,4.605080196617806,2.4826746134206126e-5,65
M2,HALLMARK_TNFA_SIGNALING_VIA_NFKB,2.054765742831461,0.008815242363768131,52
M2,WP_ELECTRON_TRANSPORT_CHAIN_OXPHOS_SYSTEM_IN_MITOCHONDRIA,2.054765742831461,0.008815242363768131,33
M2,HALLMARK_FATTY_ACID_METABOLISM,1.851005787891918,0.014092700167950448,41
M2,GOMF_RNA_ENDONUCLEASE_ACTIVITY,1.5713682325386564,0.026830685426627424,22
M2,HALLMARK_DNA_REPAIR,1.5203875056363731,0.030172583258699967,41
M2,HALLMARK_CHOLESTEROL_HOMEOSTASIS,1.3976891091882755,0.040023115372879794,22
M2,HALLMARK_ADIPOGENESIS,1.2077654183685729,0.06197757529396757,48
M2,HALLMARK_COAGULATION,1.158230088674943,0.06946561920968643,26
M2,HALLMARK_XENOBIOTIC_METABOLISM,0.9379838981800391,0.11534960238284162,39
M2,HALLMARK_UV_RESPONSE_UP,0.9379838981800391,0.11534960238284162,35
M2,REACTOME_MRNA_SPLICING,0.9251209257739241,0.11881713447051448,51
M2,HALLMARK_KRAS_SIGNALING_UP,0.8669032409794879,0.13586161069389047,37
M2,HALLMARK_ESTROGEN_RESPONSE_LATE,0.6191297976534981,0.24036443151275422,41
M2,HALLMARK_EPITHELIAL_MESENCHYMAL_TRANSITION,0.5833086398018168,0.2610305630720219,36
M2,HALLMARK_HYPOXIA,0.48100609869880945,0.33036490176492955,40
M2,HALLMARK_NOTCH_SIGNALING,0.3390105874015981,0.45813071808766376,8
M2,HALLMARK_MYC_TARGETS_V2,0.27096402186927937,0.535841046197718,14
M2,HALLMARK_APOPTOSIS,0.26178229488390653,0.5472902422877691,31
M2,HALLMARK_MTORC1_SIGNALING,0.1409264712407425,0.7228921833886799,40
M2,HALLMARK_PEROXISOME,0.12471084499171438,0.7503936581544016,19
M2,HALLMARK_INFLAMMATORY_RESPONSE,0.10974338681279605,0.7767059161671789,28
M2,WP_PYRIMIDINE_METABOLISM,0.10974338681279605,0.7767059161671789,16
M2,WP_AMINO_ACID_METABOLISM,0.10974338681279605,0.7767059161671789,15
M2,HALLMARK_P53_PATHWAY,0.04322229728826989,0.9052691126684809,38
M2,HALLMARK_HEME_METABOLISM,0.02423518247257376,0.9457248864922932,32
M2,HALLMARK_ANGIOGENESIS,0.015585749569408015,0.9647488075145066,5
M2,HALLMARK_GLYCOLYSIS,1.8147389295205495e-11,0.9999999999582141,33
M2,HALLMARK_ESTROGEN_RESPONSE_EARLY,1.8147389295205495e-11,0.9999999999582141,28
M2,REACTOME_CELL_CYCLE_CHECKPOINTS,1.8147389295205495e-11,0.9999999999582141,28
M2,HALLMARK_IL2_STAT5_SIGNALING,1.8147389295205495e-11,0.9999999999582141,26
M2,HALLMARK_COMPLEMENT,1.8147389295205495e-11,0.9999999999582141,25
M2,HALLMARK_INTERFERON_GAMMA_RESPONSE,1.8147389295205495e-11,0.9999999999582141,25
M2,HALLMARK_E2F_TARGETS,1.8147389295205495e-11,0.9999999999582141,23
M2,HALLMARK_MYC_TARGETS_V1,1.8147389295205495e-11,0.9999999999582141,20
M2,HALLMARK_PROTEIN_SECRETION,1.8147389295205495e-11,0.9999999999582141,18
M2,HALLMARK_UNFOLDED_PROTEIN_RESPONSE,1.8147389295205495e-11,0.9999999999582141,16
M2,HALLMARK_KRAS_SIGNALING_DN,1.8147389295205495e-11,0.9999999999582141,15
M2,HALLMARK_UV_RESPONSE_DN,1.8147389295205495e-11,0.9999999999582141,14
M2,WP_APOPTOSIS_MODULATION_AND_SIGNALING,1.8147389295205495e-11,0.9999999999582141,14
M2,WP_RAS_SIGNALING,1.8147389295205495e-11,0.9999999999582141,14
M2,GOMF_HEAT_SHOCK_PROTEIN_BINDING,1.8147389295205495e-11,0.9999999999582141,13
M2,HALLMARK_APICAL_JUNCTION,1.8147389295205495e-11,0.9999999999582141,13
M2,HALLMARK_G2M_CHECKPOINT,1.8147389295205495e-11,0.9999999999582141,13
M2,HALLMARK_INTERFERON_ALPHA_RESPONSE,1.8147389295205495e-11,0.9999999999582141,13
M2,HALLMARK_PI3K_AKT_MTOR_SIGNALING,1.8147389295205495e-11,0.9999999999582141,13
M2,WP_ADIPOGENESIS,1.8147389295205495e-11,0.9999999999582141,13
M2,HALLMARK_ANDROGEN_RESPONSE,1.8147389295205495e-11,0.9999999999582141,12
M2,PID_MYC_ACTIV_PATHWAY,1.8147389295205495e-11,0.9999999999582141,11
M2,WP_CELL_CYCLE,1.8147389295205495e-11,0.9999999999582141,10
M2,HALLMARK_IL6_JAK_STAT3_SIGNALING,1.8147389295205495e-11,0.9999999999582141,9
M2,HALLMARK_REACTIVE_OXYGEN_SPECIES_PATHWAY,1.8147389295205495e-11,0.9999999999582141,9
M2,WP_APOPTOSIS,1.8147389295205495e-11,0.9999999999582141,9
M2,HALLMARK_MITOTIC_SPINDLE,1.8147389295205495e-11,0.9999999999582141,8
M2,REACTOME_GLUCOSE_METABOLISM,1.8147389295205495e-11,0.9999999999582141,8
M2,WP_PROTEASOME_DEGRADATION,1.8147389295205495e-11,0.9999999999582141,8
M2,HALLMARK_TGF_BETA_SIGNALING,1.8147389295205495e-11,0.9999999999582141,7
M2,REACTOME_ACTIVATION_OF_ATR_IN_RESPONSE_TO_REPLICATION_STRESS,1.8147389295205495e-11,0.9999999999582141,5
M2,HALLMARK_WNT_BETA_CATENIN_SIGNALING,1.8147389295205495e-11,0.9999999999582141,4
M2,WP_DNA_REPLICATION,1.8147389295205495e-11,0.9999999999582141,3
M2,HALLMARK_PANCREAS_BETA_CELLS,1.8147389295205495e-11,0.9999999999582141,2
M2,HALLMARK_APICAL_SURFACE,1.8147389295205495e-11,0.9999999999582141,1
M2,HALLMARK_HEDGEHOG_SIGNALING,1.8147389295205495e-11,0.9999999999582141,1
M3,HALLMARK_KRAS_SIGNALING_DN,6.203887116320933,6.253352114560036e-7,27
M3,HALLMARK_KRAS_SIGNALING_UP,5.824952495815828,1.49639932693205e-6,31
M3,HALLMARK_COAGULATION,4.55191306885007,2.8059952476249548e-5,21
M3,HALLMARK_EPITHELIAL_MESENCHYMAL_TRANSITION,3.318622795839156,4.8015029957087824e-4,26
M3,HALLMARK_COMPLEMENT,2.6900920900070506,0.002041305050087128,25
M3,HALLMARK_INTERFERON_GAMMA_RESPONSE,1.3832668701098623,0.04137453538359406,22
M3,HALLMARK_INFLAMMATORY_RESPONSE,0.7662195937156746,0.17130908928250338,17
M3,HALLMARK_APICAL_SURFACE,0.6920240152366405,0.2032244630541913,6
M3,HALLMARK_XENOBIOTIC_METABOLISM,0.677491425490703,0.21013992576917795,18
M3,HALLMARK_HYPOXIA,0.49634726606330737,0.31889868906232544,19
M3,WP_RAS_SIGNALING,0.4883178428872025,0.3248494659407097,16
M3,WP_AMINO_ACID_METABOLISM,0.4883178428872025,0.3248494659407097,9
M3,HALLMARK_IL2_STAT5_SIGNALING,0.46979441652580634,0.33900459393454946,16
M3,HALLMARK_IL6_JAK_STAT3_SIGNALING,0.46979441652580634,0.33900459393454946,8
M3,HALLMARK_ANGIOGENESIS,0.46979441652580634,0.33900459393454946,4
M3,HALLMARK_INTERFERON_ALPHA_RESPONSE,0.30861413160723866,0.49134423907666674,10
M3,WP_ADIPOGENESIS,0.29967562461410424,0.5015617111699969,11
M3,HALLMARK_ESTROGEN_RESPONSE_LATE,0.18965320414450337,0.6461700072520135,16
M3,HALLMARK_UV_RESPONSE_UP,0.18965320414450337,0.6461700072520135,13
M3,HALLMARK_APICAL_JUNCTION,0.11004582346811428,0.776165217226352,14
M3,HALLMARK_TNFA_SIGNALING_VIA_NFKB,0.10740868647350957,0.7808926111447362,16
M3,HALLMARK_PANCREAS_BETA_CELLS,0.08550371097065114,0.8212895350286439,2
M3,HALLMARK_FATTY_ACID_METABOLISM,0.05827754128893815,0.8744247845997843,12
M3,HALLMARK_ESTROGEN_RESPONSE_EARLY,2.7393632353719932e-8,0.9999999369238325,14
M3,HALLMARK_ADIPOGENESIS,2.7393632353719932e-8,0.9999999369238325,10
M3,HALLMARK_GLYCOLYSIS,2.7393632353719932e-8,0.9999999369238325,9
M3,HALLMARK_P53_PATHWAY,2.7393632353719932e-8,0.9999999369238325,9
M3,GOMF_HEAT_SHOCK_PROTEIN_BINDING,2.7393632353719932e-8,0.9999999369238325,8
M3,HALLMARK_APOPTOSIS,2.7393632353719932e-8,0.9999999369238325,8
M3,HALLMARK_HEME_METABOLISM,2.7393632353719932e-8,0.9999999369238325,7
M3,HALLMARK_UV_RESPONSE_DN,2.7393632353719932e-8,0.9999999369238325,7
M3,GOMF_RNA_ENDONUCLEASE_ACTIVITY,2.7393632353719932e-8,0.9999999369238325,5
M3,HALLMARK_ANDROGEN_RESPONSE,2.7393632353719932e-8,0.9999999369238325,5
M3,HALLMARK_MTORC1_SIGNALING,2.7393632353719932e-8,0.9999999369238325,5
M3,WP_APOPTOSIS,2.7393632353719932e-8,0.9999999369238325,5
M3,HALLMARK_REACTIVE_OXYGEN_SPECIES_PATHWAY,2.7393632353719932e-8,0.9999999369238325,4
M3,HALLMARK_MITOTIC_SPINDLE,2.7393632353719932e-8,0.9999999369238325,3
M3,HALLMARK_PEROXISOME,2.7393632353719932e-8,0.9999999369238325,3
M3,HALLMARK_TGF_BETA_SIGNALING,2.7393632353719932e-8,0.9999999369238325,3
M3,HALLMARK_UNFOLDED_PROTEIN_RESPONSE,2.7393632353719932e-8,0.9999999369238325,3
M3,REACTOME_CELL_CYCLE_CHECKPOINTS,2.7393632353719932e-8,0.9999999369238325,3
M3,REACTOME_GLUCOSE_METABOLISM,2.7393632353719932e-8,0.9999999369238325,3
M3,WP_CELL_CYCLE,2.7393632353719932e-8,0.9999999369238325,3
M3,GOBP_MITOCHONDRIAL_RESPIRATORY_CHAIN_COMPLEX_ASSEMBLY,2.7393632353719932e-8,0.9999999369238325,2
M3,HALLMARK_CHOLESTEROL_HOMEOSTASIS,2.7393632353719932e-8,0.9999999369238325,2
M3,HALLMARK_DNA_REPAIR,2.7393632353719932e-8,0.9999999369238325,2
M3,HALLMARK_G2M_CHECKPOINT,2.7393632353719932e-8,0.9999999369238325,2
M3,HALLMARK_HEDGEHOG_SIGNALING,2.7393632353719932e-8,0.9999999369238325,2
M3,HALLMARK_PROTEIN_SECRETION,2.7393632353719932e-8,0.9999999369238325,2
M3,HALLMARK_WNT_BETA_CATENIN_SIGNALING,2.7393632353719932e-8,0.9999999369238325,2
M3,PID_MYC_ACTIV_PATHWAY,2.7393632353719932e-8,0.9999999369238325,2
M3,HALLMARK_OXIDATIVE_PHOSPHORYLATION,2.7393632353719932e-8,0.9999999369238325,1
M3,HALLMARK_PI3K_AKT_MTOR_SIGNALING,2.7393632353719932e-8,0.9999999369238325,1
M3,REACTOME_ACTIVATION_OF_ATR_IN_RESPONSE_TO_REPLICATION_STRESS,2.7393632353719932e-8,0.9999999369238325,1
M3,REACTOME_MRNA_SPLICING,2.7393632353719932e-8,0.9999999369238325,1
M3,WP_APOPTOSIS_MODULATION_AND_SIGNALING,2.7393632353719932e-8,0.9999999369238325,1
M3,WP_ELECTRON_TRANSPORT_CHAIN_OXPHOS_SYSTEM_IN_MITOCHONDRIA,2.7393632353719932e-8,0.9999999369238325,1
M3,WP_PROTEASOME_DEGRADATION,2.7393632353719932e-8,0.9999999369238325,1
M3,WP_PYRIMIDINE_METABOLISM,2.7393632353719932e-8,0.9999999369238325,1
M4,REACTOME_ACTIVATION_OF_ATR_IN_RESPONSE_TO_REPLICATION_STRESS,5.299933990501296,5.012634161111558e-6,19
M4,WP_DNA_REPLICATION,5.2440853765738815,5.700521965126554e-6,20
M4,REACTOME_CELL_CYCLE_CHECKPOINTS,1.7892404934099284,0.0162464884668308,52
M4,WP_PYRIMIDINE_METABOLISM,1.033389888167787,0.09259981346527307,19
M4,WP_APOPTOSIS,0.8709678952315356,0.1345959849062137,19
M4,HALLMARK_INTERFERON_ALPHA_RESPONSE,0.8408886735554956,0.14424850687561816,21
M4,WP_APOPTOSIS_MODULATION_AND_SIGNALING,0.8408886735554956,0.14424850687561816,19
M4,HALLMARK_E2F_TARGETS,0.706719017345508,0.1964630955385673,38
M4,GOBP_MITOCHONDRIAL_GENE_EXPRESSION,0.5398485277172074,0.2885037564783914,32
M4,WP_CELL_CYCLE,0.49425791199060964,0.3204365800875116,23
M4,GOMF_RNA_ENDONUCLEASE_ACTIVITY,0.3580218715783811,0.4385086134119173,14
M4,HALLMARK_INTERFERON_GAMMA_RESPONSE,0.2248464988033839,0.5958727172671758,29
M4,HALLMARK_DNA_REPAIR,0.2248464988033839,0.5958727172671758,26
M4,GOBP_MITOCHONDRIAL_RESPIRATORY_CHAIN_COMPLEX_ASSEMBLY,0.2248464988033839,0.5958727172671758,18
M4,HALLMARK_WNT_BETA_CATENIN_SIGNALING,0.11253675618925976,0.7717261983503371,7
M4,HALLMARK_INFLAMMATORY_RESPONSE,0.10435247941754845,0.7864072715798059,23
M4,GOBP_MITOCHONDRIAL_TRANSLATION,0.001605208305789268,0.9963106935597574,21
M4,HALLMARK_UV_RESPONSE_DN,0.001605208305789268,0.9963106935597574,21
M4,HALLMARK_ESTROGEN_RESPONSE_EARLY,5.903210569373046e-9,0.9999999864073554,28
M4,HALLMARK_G2M_CHECKPOINT,5.903210569373046e-9,0.9999999864073554,26
M4,HALLMARK_P53_PATHWAY,5.903210569373046e-9,0.9999999864073554,26
M4,REACTOME_MRNA_SPLICING,5.903210569373046e-9,0.9999999864073554,24
M4,HALLMARK_TNFA_SIGNALING_VIA_NFKB,5.903210569373046e-9,0.9999999864073554,23
M4,HALLMARK_XENOBIOTIC_METABOLISM,5.903210569373046e-9,0.9999999864073554,23
M4,HALLMARK_HEME_METABOLISM,5.903210569373046e-9,0.9999999864073554,20
M4,HALLMARK_IL2_STAT5_SIGNALING,5.903210569373046e-9,0.9999999864073554,20
M4,HALLMARK_GLYCOLYSIS,5.903210569373046e-9,0.9999999864073554,19
M4,HALLMARK_KRAS_SIGNALING_UP,5.903210569373046e-9,0.9999999864073554,19
M4,HALLMARK_ESTROGEN_RESPONSE_LATE,5.903210569373046e-9,0.9999999864073554,18
M4,HALLMARK_UV_RESPONSE_UP,5.903210569373046e-9,0.9999999864073554,18
M4,HALLMARK_MITOTIC_SPINDLE,5.903210569373046e-9,0.9999999864073554,17
M4,HALLMARK_COMPLEMENT,5.903210569373046e-9,0.9999999864073554,16
M4,HALLMARK_EPITHELIAL_MESENCHYMAL_TRANSITION,5.903210569373046e-9,0.9999999864073554,16
M4,HALLMARK_KRAS_SIGNALING_DN,5.903210569373046e-9,0.9999999864073554,16
M4,WP_ADIPOGENESIS,5.903210569373046e-9,0.9999999864073554,15
M4,HALLMARK_APICAL_JUNCTION,5.903210569373046e-9,0.9999999864073554,14
M4,HALLMARK_APOPTOSIS,5.903210569373046e-9,0.9999999864073554,14
M4,HALLMARK_HYPOXIA,5.903210569373046e-9,0.9999999864073554,14
M4,WP_RAS_SIGNALING,5.903210569373046e-9,0.9999999864073554,14
M4,GOMF_HEAT_SHOCK_PROTEIN_BINDING,5.903210569373046e-9,0.9999999864073554,13
M4,HALLMARK_ADIPOGENESIS,5.903210569373046e-9,0.9999999864073554,13
M4,HALLMARK_FATTY_ACID_METABOLISM,5.903210569373046e-9,0.9999999864073554,12
M4,HALLMARK_ANDROGEN_RESPONSE,5.903210569373046e-9,0.9999999864073554,10
M4,HALLMARK_MTORC1_SIGNALING,5.903210569373046e-9,0.9999999864073554,10
M4,HALLMARK_PEROXISOME,5.903210569373046e-9,0.9999999864073554,10
M4,HALLMARK_CHOLESTEROL_HOMEOSTASIS,5.903210569373046e-9,0.9999999864073554,9
M4,HALLMARK_UNFOLDED_PROTEIN_RESPONSE,5.903210569373046e-9,0.9999999864073554,9
M4,HALLMARK_IL6_JAK_STAT3_SIGNALING,5.903210569373046e-9,0.9999999864073554,8
M4,HALLMARK_PROTEIN_SECRETION,5.903210569373046e-9,0.9999999864073554,8
M4,REACTOME_MITOCHONDRIAL_TRANSLATION,5.903210569373046e-9,0.9999999864073554,8
M4,REACTOME_GLUCOSE_METABOLISM,5.903210569373046e-9,0.9999999864073554,7
M4,HALLMARK_COAGULATION,5.903210569373046e-9,0.9999999864073554,6
M4,HALLMARK_MYC_TARGETS_V1,5.903210569373046e-9,0.9999999864073554,6
M4,HALLMARK_OXIDATIVE_PHOSPHORYLATION,5.903210569373046e-9,0.9999999864073554,6
M4,HALLMARK_PI3K_AKT_MTOR_SIGNALING,5.903210569373046e-9,0.9999999864073554,6
M4,WP_PROTEASOME_DEGRADATION,5.903210569373046e-9,0.9999999864073554,6
M4,HALLMARK_NOTCH_SIGNALING,5.903210569373046e-9,0.9999999864073554,5
M4,HALLMARK_ANGIOGENESIS,5.903210569373046e-9,0.9999999864073554,4
M4,HALLMARK_APICAL_SURFACE,5.903210569373046e-9,0.9999999864073554,4
M4,HALLMARK_HEDGEHOG_SIGNALING,5.903210569373046e-9,0.9999999864073554,3
M4,HALLMARK_MYC_TARGETS_V2,5.903210569373046e-9,0.9999999864073554,3
M4,HALLMARK_PANCREAS_BETA_CELLS,5.903210569373046e-9,0.9999999864073554,3
M4,PID_MYC_ACTIV_PATHWAY,5.903210569373046e-9,0.9999999864073554,3
M4,WP_AMINO_ACID_METABOLISM,5.903210569373046e-9,0.9999999864073554,3
M4,WP_ELECTRON_TRANSPORT_CHAIN_OXPHOS_SYSTEM_IN_MITOCHONDRIA,5.903210569373046e-9,0.9999999864073554,2
M4,HALLMARK_REACTIVE_OXYGEN_SPECIES_PATHWAY,5.903210569373046e-9,0.9999999864073554,1
M4,HALLMARK_TGF_BETA_SIGNALING,5.903210569373046e-9,0.9999999864073554,1
M5,HALLMARK_MYC_TARGETS_V1,31.214636779027238,6.100468949537034e-32,127
M5,HALLMARK_OXIDATIVE_PHOSPHORYLATION,18.277297344910473,5.280835692434938e-19,110
M5,HALLMARK_MTORC1_SIGNALING,13.165525989054371,6.830838396467832e-14,97
M5,WP_ELECTRON_TRANSPORT_CHAIN_OXPHOS_SYSTEM_IN_MITOCHONDRIA,13.165525989054371,6.830838396467832e-14,63
M5,WP_PROTEASOME_DEGRADATION,11.910708571187323,1.2282631679540928e-12,41
M5,HALLMARK_PROTEIN_SECRETION,5.219442221763413,6.033339697202855e-6,46
M5,HALLMARK_UNFOLDED_PROTEIN_RESPONSE,4.748097582454539,1.786086210648646e-5,49
M5,HALLMARK_GLYCOLYSIS,4.6234762436417745,2.3797084699156037e-5,71
M5,HALLMARK_ANDROGEN_RESPONSE,4.490582361432495,3.231600291006719e-5,44
M5,HALLMARK_FATTY_ACID_METABOLISM,3.4864928437662392,3.2621742570760557e-4,56
M5,HALLMARK_PI3K_AKT_MTOR_SIGNALING,3.4864928437662392,3.2621742570760557e-4,40
M5,HALLMARK_ADIPOGENESIS,3.1500307718794467,7.078956247540313e-4,69
M5,WP_AMINO_ACID_METABOLISM,2.9637682158296546,0.0010870056067432223,31
M5,HALLMARK_REACTIVE_OXYGEN_SPECIES_PATHWAY,2.9637682158296546,0.0010870056067432223,23
M5,HALLMARK_PEROXISOME,2.2841816869935823,0.005197785018291991,35
M5,PID_MYC_ACTIV_PATHWAY,1.7052323312360411,0.019713678462221537,29
M5,HALLMARK_UV_RESPONSE_UP,1.6039097436292358,0.024893746137628934,47
M5,HALLMARK_APOPTOSIS,1.5229582644130124,0.02999450751576594,48
M5,HALLMARK_HYPOXIA,1.0174472608122156,0.0960622465902921,55
M5,HALLMARK_APICAL_JUNCTION,0.7121448964778524,0.19402384352912283,48
M5,HALLMARK_P53_PATHWAY,0.647912696176856,0.22495067663184484,57
M5,HALLMARK_CHOLESTEROL_HOMEOSTASIS,0.43929273417236436,0.363669823543889,22
M5,HALLMARK_ESTROGEN_RESPONSE_LATE,0.4088986433770428,0.39003300283477627,50
M5,HALLMARK_TGF_BETA_SIGNALING,0.18479331265970766,0.6534414613748848,16
M5,GOMF_HEAT_SHOCK_PROTEIN_BINDING,0.1356757629119067,0.731685143663244,32
M5,HALLMARK_PANCREAS_BETA_CELLS,0.09156587963061101,0.8099050750621918,5
M5,REACTOME_CELL_CYCLE_CHECKPOINTS,0.05810065115691563,0.8747810143624553,63
M5,REACTOME_GLUCOSE_METABOLISM,0.05810065115691563,0.8747810143624553,19
M5,HALLMARK_TNFA_SIGNALING_VIA_NFKB,1.3205838986307955e-7,0.9999996959243663,46
M5,REACTOME_MRNA_SPLICING,1.3205838986307955e-7,0.9999996959243663,46
M5,HALLMARK_ESTROGEN_RESPONSE_EARLY,1.3205838986307955e-7,0.9999996959243663,44
M5,HALLMARK_E2F_TARGETS,1.3205838986307955e-7,0.9999996959243663,43
M5,HALLMARK_G2M_CHECKPOINT,1.3205838986307955e-7,0.9999996959243663,40
M5,HALLMARK_COMPLEMENT,1.3205838986307955e-7,0.9999996959243663,39
M5,HALLMARK_HEME_METABOLISM,1.3205838986307955e-7,0.9999996959243663,39
M5,HALLMARK_EPITHELIAL_MESENCHYMAL_TRANSITION,1.3205838986307955e-7,0.9999996959243663,38
M5,HALLMARK_IL2_STAT5_SIGNALING,1.3205838986307955e-7,0.9999996959243663,37
M5,WP_RAS_SIGNALING,1.3205838986307955e-7,0.9999996959243663,37
M5,HALLMARK_XENOBIOTIC_METABOLISM,1.3205838986307955e-7,0.9999996959243663,36
M5,HALLMARK_DNA_REPAIR,1.3205838986307955e-7,0.9999996959243663,32
M5,GOBP_MITOCHONDRIAL_GENE_EXPRESSION,1.3205838986307955e-7,0.9999996959243663,30
M5,HALLMARK_INTERFERON_GAMMA_RESPONSE,1.3205838986307955e-7,0.9999996959243663,30
M5,GOBP_MITOCHONDRIAL_TRANSLATION,1.3205838986307955e-7,0.9999996959243663,28
M5,HALLMARK_MITOTIC_SPINDLE,1.3205838986307955e-7,0.9999996959243663,28
M5,WP_CELL_CYCLE,1.3205838986307955e-7,0.9999996959243663,23
M5,HALLMARK_COAGULATION,1.3205838986307955e-7,0.9999996959243663,22
M5,GOBP_MITOCHONDRIAL_RESPIRATORY_CHAIN_COMPLEX_ASSEMBLY,1.3205838986307955e-7,0.9999996959243663,21
M5,HALLMARK_KRAS_SIGNALING_UP,1.3205838986307955e-7,0.9999996959243663,21
M5,HALLMARK_UV_RESPONSE_DN,1.3205838986307955e-7,0.9999996959243663,21
M5,REACTOME_MITOCHONDRIAL_TRANSLATION,1.3205838986307955e-7,0.9999996959243663,21
M5,WP_ADIPOGENESIS,1.3205838986307955e-7,0.9999996959243663,21
M5,HALLMARK_INFLAMMATORY_RESPONSE,1.3205838986307955e-7,0.9999996959243663,19
M5,HALLMARK_IL6_JAK_STAT3_SIGNALING,1.3205838986307955e-7,0.9999996959243663,16
M5,WP_APOPTOSIS_MODULATION_AND_SIGNALING,1.3205838986307955e-7,0.9999996959243663,15
M5,HALLMARK_INTERFERON_ALPHA_RESPONSE,1.3205838986307955e-7,0.9999996959243663,14
M5,HALLMARK_MYC_TARGETS_V2,1.3205838986307955e-7,0.9999996959243663,14
M5,WP_PYRIMIDINE_METABOLISM,1.3205838986307955e-7,0.9999996959243663,13
M5,WP_APOPTOSIS,1.3205838986307955e-7,0.9999996959243663,10
M5,HALLMARK_APICAL_SURFACE,1.3205838986307955e-7,0.9999996959243663,8
M5,HALLMARK_KRAS_SIGNALING_DN,1.3205838986307955e-7,0.9999996959243663,8
M5,HALLMARK_WNT_BETA_CATENIN_SIGNALING,1.3205838986307955e-7,0.9999996959243663,8
M5,GOMF_RNA_ENDONUCLEASE_ACTIVITY,1.3205838986307955e-7,0.9999996959243663,7
M5,HALLMARK_ANGIOGENESIS,1.3205838986307955e-7,0.9999996959243663,5
M5,WP_DNA_REPLICATION,1.3205838986307955e-7,0.9999996959243663,5
M5,HALLMARK_NOTCH_SIGNALING,1.3205838986307955e-7,0.9999996959243663,3
M5,HALLMARK_HEDGEHOG_SIGNALING,1.3205838986307955e-7,0.9999996959243663,2
M5,REACTOME_ACTIVATION_OF_ATR_IN_RESPONSE_TO_REPLICATION_STRESS,1.3205838986307955e-7,0.9999996959243663,1
M6,HALLMARK_MITOTIC_SPINDLE,6.802326570219911,1.5764254217893106e-7,72
M6,REACTOME_MRNA_SPLICING,5.476746381269603,3.33621183554408e-6,71
M6,HALLMARK_G2M_CHECKPOINT,2.937953843703336,0.0011535758519643996,59
M6,REACTOME_GLUCOSE_METABOLISM,2.090123471874828,0.008125994576389763,25
M6,HALLMARK_MYC_TARGETS_V2,1.4391127358872755,0.03638205818760533,20
M6,WP_CELL_CYCLE,1.1485688327846573,0.07102825860191408,33
M6,GOMF_HEAT_SHOCK_PROTEIN_BINDING,0.7138698642536858,0.19325473154191175,31
M6,PID_MYC_ACTIV_PATHWAY,0.6775628002160283,0.21010539287114494,21
M6,HALLMARK_TGF_BETA_SIGNALING,0.6775628002160283,0.21010539287114494,16
M6,HALLMARK_HEDGEHOG_SIGNALING,0.6775628002160283,0.21010539287114494,9
M6,HALLMARK_HEME_METABOLISM,0.6409468637730523,0.22858784650605776,40
M6,WP_ADIPOGENESIS,0.5993876432361911,0.2515430698437413,27
M6,HALLMARK_E2F_TARGETS,0.4808993922022088,0.3304460826544482,46
M6,WP_APOPTOSIS,0.3872669953637129,0.4099519953983029,20
M6,HALLMARK_UV_RESPONSE_DN,0.29589822221649026,0.5059432169191476,30
M6,HALLMARK_P53_PATHWAY,0.2374402280338693,0.5788416488653951,42
M6,HALLMARK_APICAL_JUNCTION,0.2374402280338693,0.5788416488653951,35
M6,HALLMARK_WNT_BETA_CATENIN_SIGNALING,0.2374402280338693,0.5788416488653951,9
M6,HALLMARK_UNFOLDED_PROTEIN_RESPONSE,0.03003844362515808,0.9331716930455279,23
M6,HALLMARK_NOTCH_SIGNALING,0.03003844362515808,0.9331716930455279,7
M6,REACTOME_CELL_CYCLE_CHECKPOINTS,1.3875929713769271e-10,0.9999999996804949,45
M6,HALLMARK_MYC_TARGETS_V1,1.3875929713769271e-10,0.9999999996804949,37
M6,HALLMARK_ESTROGEN_RESPONSE_EARLY,1.3875929713769271e-10,0.9999999996804949,33
M6,HALLMARK_TNFA_SIGNALING_VIA_NFKB,1.3875929713769271e-10,0.9999999996804949,32
M6,HALLMARK_HYPOXIA,1.3875929713769271e-10,0.9999999996804949,30
M6,HALLMARK_ADIPOGENESIS,1.3875929713769271e-10,0.9999999996804949,29
M6,HALLMARK_COMPLEMENT,1.3875929713769271e-10,0.9999999996804949,29
M6,HALLMARK_APOPTOSIS,1.3875929713769271e-10,0.9999999996804949,28
M6,HALLMARK_INTERFERON_GAMMA_RESPONSE,1.3875929713769271e-10,0.9999999996804949,28
M6,HALLMARK_MTORC1_SIGNALING,1.3875929713769271e-10,0.9999999996804949,28
M6,HALLMARK_DNA_REPAIR,1.3875929713769271e-10,0.9999999996804949,27
M6,HALLMARK_GLYCOLYSIS,1.3875929713769271e-10,0.9999999996804949,27
M6,HALLMARK_IL2_STAT5_SIGNALING,1.3875929713769271e-10,0.9999999996804949,26
M6,HALLMARK_ESTROGEN_RESPONSE_LATE,1.3875929713769271e-10,0.9999999996804949,25
M6,HALLMARK_EPITHELIAL_MESENCHYMAL_TRANSITION,1.3875929713769271e-10,0.9999999996804949,24
M6,HALLMARK_INFLAMMATORY_RESPONSE,1.3875929713769271e-10,0.9999999996804949,24
M6,WP_RAS_SIGNALING,1.3875929713769271e-10,0.9999999996804949,23
M6,HALLMARK_KRAS_SIGNALING_UP,1.3875929713769271e-10,0.9999999996804949,20
M6,HALLMARK_XENOBIOTIC_METABOLISM,1.3875929713769271e-10,0.9999999996804949,20
M6,HALLMARK_UV_RESPONSE_UP,1.3875929713769271e-10,0.9999999996804949,18
M6,HALLMARK_ANDROGEN_RESPONSE,1.3875929713769271e-10,0.9999999996804949,17
M6,WP_APOPTOSIS_MODULATION_AND_SIGNALING,1.3875929713769271e-10,0.9999999996804949,17
M6,GOBP_MITOCHONDRIAL_GENE_EXPRESSION,1.3875929713769271e-10,0.9999999996804949,16
M6,HALLMARK_PI3K_AKT_MTOR_SIGNALING,1.3875929713769271e-10,0.9999999996804949,16
M6,HALLMARK_PROTEIN_SECRETION,1.3875929713769271e-10,0.9999999996804949,16
M6,HALLMARK_INTERFERON_ALPHA_RESPONSE,1.3875929713769271e-10,0.9999999996804949,14
M6,HALLMARK_OXIDATIVE_PHOSPHORYLATION,1.3875929713769271e-10,0.9999999996804949,14
M6,WP_PYRIMIDINE_METABOLISM,1.3875929713769271e-10,0.9999999996804949,13
M6,HALLMARK_CHOLESTEROL_HOMEOSTASIS,1.3875929713769271e-10,0.9999999996804949,11
M6,HALLMARK_PEROXISOME,1.3875929713769271e-10,0.9999999996804949,11
M6,GOMF_RNA_ENDONUCLEASE_ACTIVITY,1.3875929713769271e-10,0.9999999996804949,10
M6,HALLMARK_FATTY_ACID_METABOLISM,1.3875929713769271e-10,0.9999999996804949,10
M6,HALLMARK_KRAS_SIGNALING_DN,1.3875929713769271e-10,0.9999999996804949,10
M6,HALLMARK_COAGULATION,1.3875929713769271e-10,0.9999999996804949,8
M6,HALLMARK_IL6_JAK_STAT3_SIGNALING,1.3875929713769271e-10,0.9999999996804949,8
M6,WP_AMINO_ACID_METABOLISM,1.3875929713769271e-10,0.9999999996804949,8
M6,WP_DNA_REPLICATION,1.3875929713769271e-10,0.9999999996804949,7
M6,GOBP_MITOCHONDRIAL_TRANSLATION,1.3875929713769271e-10,0.9999999996804949,6
M6,HALLMARK_REACTIVE_OXYGEN_SPECIES_PATHWAY,1.3875929713769271e-10,0.9999999996804949,6
M6,HALLMARK_APICAL_SURFACE,1.3875929713769271e-10,0.9999999996804949,5
M6,REACTOME_ACTIVATION_OF_ATR_IN_RESPONSE_TO_REPLICATION_STRESS,1.3875929713769271e-10,0.9999999996804949,5
M6,REACTOME_MITOCHONDRIAL_TRANSLATION,1.3875929713769271e-10,0.9999999996804949,5
M6,GOBP_MITOCHONDRIAL_RESPIRATORY_CHAIN_COMPLEX_ASSEMBLY,1.3875929713769271e-10,0.9999999996804949,4
M6,HALLMARK_ANGIOGENESIS,1.3875929713769271e-10,0.9999999996804949,4
M6,HALLMARK_PANCREAS_BETA_CELLS,1.3875929713769271e-10,0.9999999996804949,1
M6,WP_ELECTRON_TRANSPORT_CHAIN_OXPHOS_SYSTEM_IN_MITOCHONDRIA,1.3875929713769271e-10,0.9999999996804949,1
M6,WP_PROTEASOME_DEGRADATION,1.3875929713769271e-10,0.9999999996804949,1
M7,HALLMARK_KRAS_SIGNALING_DN,5.544222835809557,2.85612469429594e-6,20
M7,HALLMARK_INFLAMMATORY_RESPONSE,2.0424489971839224,0.009068824610866926,16
M7,WP_RAS_SIGNALING,1.4780419980975756,0.033262738527563875,15
M7,HALLMARK_COMPLEMENT,0.8260296730082498,0.14926924184428725,14
M7,HALLMARK_APICAL_JUNCTION,0.5934578794366956,0.25500113916733863,13
M7,HALLMARK_UV_RESPONSE_DN,0.5758190050135352,0.2655712116286542,11
M7,HALLMARK_INTERFERON_GAMMA_RESPONSE,0.3437708789131091,0.4531365784805824,12
M7,HALLMARK_IL6_JAK_STAT3_SIGNALING,0.3437708789131091,0.4531365784805824,6
M7,HALLMARK_XENOBIOTIC_METABOLISM,0.2896999513546942,0.5132158359593358,11
M7,HALLMARK_IL2_STAT5_SIGNALING,0.11715448262100507,0.7635641283425213,10
M7,HALLMARK_APICAL_SURFACE,0.06527539712134992,0.8604479473304216,3
M7,WP_ADIPOGENESIS,0.06500774322244501,0.8609784012948429,7
M7,HALLMARK_EPITHELIAL_MESENCHYMAL_TRANSITION,0.05423300027813728,0.8826062524999176,9
M7,HALLMARK_KRAS_SIGNALING_UP,0.05423300027813728,0.8826062524999176,9
M7,HALLMARK_INTERFERON_ALPHA_RESPONSE,0.05423300027813728,0.8826062524999176,6
M7,HALLMARK_ESTROGEN_RESPONSE_EARLY,3.712508378789488e-5,0.9999145199891182,7
M7,HALLMARK_HEME_METABOLISM,3.712508378789488e-5,0.9999145199891182,7
M7,GOMF_HEAT_SHOCK_PROTEIN_BINDING,3.712508378789488e-5,0.9999145199891182,6
M7,HALLMARK_ADIPOGENESIS,3.712508378789488e-5,0.9999145199891182,6
M7,HALLMARK_ESTROGEN_RESPONSE_LATE,3.712508378789488e-5,0.9999145199891182,6
M7,HALLMARK_GLYCOLYSIS,3.712508378789488e-5,0.9999145199891182,6
M7,REACTOME_CELL_CYCLE_CHECKPOINTS,3.712508378789488e-5,0.9999145199891182,6
M7,HALLMARK_FATTY_ACID_METABOLISM,3.712508378789488e-5,0.9999145199891182,5
M7,HALLMARK_HYPOXIA,3.712508378789488e-5,0.9999145199891182,5
M7,WP_CELL_CYCLE,3.712508378789488e-5,0.9999145199891182,5
M7,HALLMARK_APOPTOSIS,3.712508378789488e-5,0.9999145199891182,4
M7,HALLMARK_COAGULATION,3.712508378789488e-5,0.9999145199891182,4
M7,HALLMARK_G2M_CHECKPOINT,3.712508378789488e-5,0.9999145199891182,4
M7,HALLMARK_PI3K_AKT_MTOR_SIGNALING,3.712508378789488e-5,0.9999145199891182,4
M7,REACTOME_MRNA_SPLICING,3.712508378789488e-5,0.9999145199891182,4
M7,WP_APOPTOSIS,3.712508378789488e-5,0.9999145199891182,4
M7,WP_APOPTOSIS_MODULATION_AND_SIGNALING,3.712508378789488e-5,0.9999145199891182,4
M7,HALLMARK_PEROXISOME,3.712508378789488e-5,0.9999145199891182,3
M7,HALLMARK_ANDROGEN_RESPONSE,3.712508378789488e-5,0.9999145199891182,2
M7,HALLMARK_DNA_REPAIR,3.712508378789488e-5,0.9999145199891182,2
M7,HALLMARK_HEDGEHOG_SIGNALING,3.712508378789488e-5,0.9999145199891182,2
M7,HALLMARK_MITOTIC_SPINDLE,3.712508378789488e-5,0.9999145199891182,2
M7,HALLMARK_P53_PATHWAY,3.712508378789488e-5,0.9999145199891182,2
M7,HALLMARK_TNFA_SIGNALING_VIA_NFKB,3.712508378789488e-5,0.9999145199891182,2
M7,HALLMARK_UV_RESPONSE_UP,3.712508378789488e-5,0.9999145199891182,2
M7,REACTOME_ACTIVATION_OF_ATR_IN_RESPONSE_TO_REPLICATION_STRESS,3.712508378789488e-5,0.9999145199891182,2
M7,WP_DNA_REPLICATION,3.712508378789488e-5,0.9999145199891182,2
M7,WP_ELECTRON_TRANSPORT_CHAIN_OXPHOS_SYSTEM_IN_MITOCHONDRIA,3.712508378789488e-5,0.9999145199891182,2
M7,GOMF_RNA_ENDONUCLEASE_ACTIVITY,3.712508378789488e-5,0.9999145199891182,1
M7,HALLMARK_CHOLESTEROL_HOMEOSTASIS,3.712508378789488e-5,0.9999145199891182,1
M7,HALLMARK_E2F_TARGETS,3.712508378789488e-5,0.9999145199891182,1
M7,HALLMARK_MTORC1_SIGNALING,3.712508378789488e-5,0.9999145199891182,1
M7,HALLMARK_MYC_TARGETS_V1,3.712508378789488e-5,0.9999145199891182,1
M7,HALLMARK_NOTCH_SIGNALING,3.712508378789488e-5,0.9999145199891182,1
M7,HALLMARK_PANCREAS_BETA_CELLS,3.712508378789488e-5,0.9999145199891182,1
M7,HALLMARK_PROTEIN_SECRETION,3.712508378789488e-5,0.9999145199891182,1
M7,PID_MYC_ACTIV_PATHWAY,3.712508378789488e-5,0.9999145199891182,1
M7,REACTOME_GLUCOSE_METABOLISM,3.712508378789488e-5,0.9999145199891182,1
M7,WP_AMINO_ACID_METABOLISM,3.712508378789488e-5,0.9999145199891182,1
